Workbook

Sheet 교체현황_DB
A1: 교체ID | B1: 교체일자 | C1: 편성 | D1: 차호 | E1: 위치 | F1: 취거TM_시리얼 | G1: 취거TM_제작년도 | H1: 취거TM_제조사 | I1: 부착TM_시리얼 | J1: 부착TM_제작년도 | K1: 부착TM_제조사 | L1: 고장유형(선택) | M1: 고장코드(자동) | N1: 심각도(자동) | O1: 위험점수(자동) | P1: 고장성교체여부(자동) | Q1: 세부 고장내용 | R1: 취거품 상태(선택) | S1: 취거품 상태/조치비고 | T1: 데이터검토(자동)
A2: RP-0001 | B2: 44231 | C2: 111 | D2: 1711 | E2: 2 | F2: 88TWDH073 | G2: 1988 | H2: 현대중공업 | I2: 88091-48 | J2: 1989 | K2: 대우중공업 | L2: 절연파괴·소손·F/O | M2: =IFERROR(INDEX(고장심각도분류!$A$2:$A$8,MATCH(L2,고장심각도분류!$B$2:$B$8,0)),"") -> FC05 | N2: =IFERROR(INDEX(고장심각도분류!$C$2:$C$8,MATCH(L2,고장심각도분류!$B$2:$B$8,0)),"") -> 7 | O2: =IFERROR(INDEX(고장심각도분류!$D$2:$D$8,MATCH(L2,고장심각도분류!$B$2:$B$8,0)),"") -> 100 | P2: =IF(O2>0,"Y","N") -> Y | Q2: 눈유입, 정류자 그을림, 접지 소손 | T2: =IF(OR(B2="",C2="",E2="",F2="",I2="",L2="",R2=""),"확인필요","OK") -> 확인필요
A3: RP-0002 | B3: 44236 | C3: 111 | D3: 1711 | E3: 3 | F3: 296638-17 | G3: 1974 | H3: 히타치 | I3: 296638-19 | J3: 1974 | K3: 히타치 | L3: 절연파괴·소손·F/O | M3: =IFERROR(INDEX(고장심각도분류!$A$2:$A$8,MATCH(L3,고장심각도분류!$B$2:$B$8,0)),"") -> FC05 | N3: =IFERROR(INDEX(고장심각도분류!$C$2:$C$8,MATCH(L3,고장심각도분류!$B$2:$B$8,0)),"") -> 7 | O3: =IFERROR(INDEX(고장심각도분류!$D$2:$D$8,MATCH(L3,고장심각도분류!$B$2:$B$8,0)),"") -> 100 | P3: =IF(O3>0,"Y","N") -> Y | Q3: 눈유입(절연파괴) | R3: 정비불가 | S3: 정비불가(절연파괴, 폐기) | T3: =IF(OR(B3="",C3="",E3="",F3="",I3="",L3="",R3=""),"확인필요","OK") -> OK
A4: RP-0003 | B4: 44281 | C4: 112 | D4: 1712 | E4: 1 | F4: 88091-57 | G4: 1989 | H4: 대우중공업 | I4: 296633-10 | J4: 1973 | K4: 히타치 | L4: 절연파괴·소손·F/O | M4: =IFERROR(INDEX(고장심각도분류!$A$2:$A$8,MATCH(L4,고장심각도분류!$B$2:$B$8,0)),"") -> FC05 | N4: =IFERROR(INDEX(고장심각도분류!$C$2:$C$8,MATCH(L4,고장심각도분류!$B$2:$B$8,0)),"") -> 7 | O4: =IFERROR(INDEX(고장심각도분류!$D$2:$D$8,MATCH(L4,고장심각도분류!$B$2:$B$8,0)),"") -> 100 | P4: =IF(O4>0,"Y","N") -> Y | Q4: 접지 소손 | T4: =IF(OR(B4="",C4="",E4="",F4="",I4="",L4="",R4=""),"확인필요","OK") -> 확인필요
A5: RP-0004 | B5: 44281 | C5: 112 | D5: 1712 | E5: 2 | F5: 88091-59 | G5: 1989 | H5: 대우중공업 | I5: 7733026 | J5: 1977 | K5: 도시바 | L5: 브러쉬홀더 열화·계자코일 단락 | M5: =IFERROR(INDEX(고장심각도분류!$A$2:$A$8,MATCH(L5,고장심각도분류!$B$2:$B$8,0)),"") -> FC03 | N5: =IFERROR(INDEX(고장심각도분류!$C$2:$C$8,MATCH(L5,고장심각도분류!$B$2:$B$8,0)),"") -> 5 | O5: =IFERROR(INDEX(고장심각도분류!$D$2:$D$8,MATCH(L5,고장심각도분류!$B$2:$B$8,0)),"") -> 45 | P5: =IF(O5>0,"Y","N") -> Y | Q5: 홀더 열화 | T5: =IF(OR(B5="",C5="",E5="",F5="",I5="",L5="",R5=""),"확인필요","OK") -> 확인필요
A6: RP-0005 | B6: 44281 | C6: 112 | D6: 1712 | E6: 3 | F6: 296634-9 | G6: 1974 | H6: 히타치 | I6: 92TWDH050 | J6: 1992 | K6: 현대중공업 | L6: 브러쉬홀더 열화·계자코일 단락 | M6: =IFERROR(INDEX(고장심각도분류!$A$2:$A$8,MATCH(L6,고장심각도분류!$B$2:$B$8,0)),"") -> FC03 | N6: =IFERROR(INDEX(고장심각도분류!$C$2:$C$8,MATCH(L6,고장심각도분류!$B$2:$B$8,0)),"") -> 5 | O6: =IFERROR(INDEX(고장심각도분류!$D$2:$D$8,MATCH(L6,고장심각도분류!$B$2:$B$8,0)),"") -> 45 | P6: =IF(O6>0,"Y","N") -> Y | Q6: 홀더 열화 | T6: =IF(OR(B6="",C6="",E6="",F6="",I6="",L6="",R6=""),"확인필요","OK") -> 확인필요
A7: RP-0006 | B7: 44281 | C7: 112 | D7: 1712 | E7: 4 | F7: 92TWDH048 | G7: 1992 | H7: 현대중공업 | I7: 92TWDH063 | J7: 1992 | K7: 현대중공업 | L7: 절연파괴·소손·F/O | M7: =IFERROR(INDEX(고장심각도분류!$A$2:$A$8,MATCH(L7,고장심각도분류!$B$2:$B$8,0)),"") -> FC05 | N7: =IFERROR(INDEX(고장심각도분류!$C$2:$C$8,MATCH(L7,고장심각도분류!$B$2:$B$8,0)),"") -> 7 | O7: =IFERROR(INDEX(고장심각도분류!$D$2:$D$8,MATCH(L7,고장심각도분류!$B$2:$B$8,0)),"") -> 100 | P7: =IF(O7>0,"Y","N") -> Y | Q7: 접지 소손 | T7: =IF(OR(B7="",C7="",E7="",F7="",I7="",L7="",R7=""),"확인필요","OK") -> 확인필요
A8: RP-0007 | B8: 44286 | C8: 112 | D8: 1712 | E8: 1 | F8: 296633-10 | G8: 1973 | H8: 히타치 | I8: 296634-9 | J8: 1974 | K8: 히타치 | L8: 절연파괴·소손·F/O | M8: =IFERROR(INDEX(고장심각도분류!$A$2:$A$8,MATCH(L8,고장심각도분류!$B$2:$B$8,0)),"") -> FC05 | N8: =IFERROR(INDEX(고장심각도분류!$C$2:$C$8,MATCH(L8,고장심각도분류!$B$2:$B$8,0)),"") -> 7 | O8: =IFERROR(INDEX(고장심각도분류!$D$2:$D$8,MATCH(L8,고장심각도분류!$B$2:$B$8,0)),"") -> 100 | P8: =IF(O8>0,"Y","N") -> Y | Q8: 접지 소손 | T8: =IF(OR(B8="",C8="",E8="",F8="",I8="",L8="",R8=""),"확인필요","OK") -> 확인필요
A9: RP-0008 | B9: 44286 | C9: 112 | D9: 1712 | E9: 2 | F9: 7733026 | G9: 1977 | H9: 도시바 | I9: 88091-59 | J9: 1989 | K9: 대우중공업 | L9: 절연파괴·소손·F/O | M9: =IFERROR(INDEX(고장심각도분류!$A$2:$A$8,MATCH(L9,고장심각도분류!$B$2:$B$8,0)),"") -> FC05 | N9: =IFERROR(INDEX(고장심각도분류!$C$2:$C$8,MATCH(L9,고장심각도분류!$B$2:$B$8,0)),"") -> 7 | O9: =IFERROR(INDEX(고장심각도분류!$D$2:$D$8,MATCH(L9,고장심각도분류!$B$2:$B$8,0)),"") -> 100 | P9: =IF(O9>0,"Y","N") -> Y | Q9: 접지 소손 | T9: =IF(OR(B9="",C9="",E9="",F9="",I9="",L9="",R9=""),"확인필요","OK") -> 확인필요
A10: RP-0009 | B10: 44286 | C10: 112 | D10: 1712 | E10: 3 | F10: 92TWDH050 | G10: 1992 | H10: 현대중공업 | I10: 88091-57 | J10: 1989 | K10: 대우중공업 | L10: 절연파괴·소손·F/O | M10: =IFERROR(INDEX(고장심각도분류!$A$2:$A$8,MATCH(L10,고장심각도분류!$B$2:$B$8,0)),"") -> FC05 | N10: =IFERROR(INDEX(고장심각도분류!$C$2:$C$8,MATCH(L10,고장심각도분류!$B$2:$B$8,0)),"") -> 7 | O10: =IFERROR(INDEX(고장심각도분류!$D$2:$D$8,MATCH(L10,고장심각도분류!$B$2:$B$8,0)),"") -> 100 | P10: =IF(O10>0,"Y","N") -> Y | Q10: 절연파괴 | R10: 정비불가 | S10: 정비불가(절연파괴, 폐기) | T10: =IF(OR(B10="",C10="",E10="",F10="",I10="",L10="",R10=""),"확인필요","OK") -> OK
A11: RP-0010 | B11: 44351 | C11: 116 | D11: 1216 | E11: 1 | F11: 88TWDH116 | G11: 1988 | H11: 현대중공업 | I11: 7733026 | J11: 1977 | K11: 도시바 | L11: 정기·순환교체 | M11: =IFERROR(INDEX(고장심각도분류!$A$2:$A$8,MATCH(L11,고장심각도분류!$B$2:$B$8,0)),"") -> FC00 | N11: =IFERROR(INDEX(고장심각도분류!$C$2:$C$8,MATCH(L11,고장심각도분류!$B$2:$B$8,0)),"") -> 1 | O11: =IFERROR(INDEX(고장심각도분류!$D$2:$D$8,MATCH(L11,고장심각도분류!$B$2:$B$8,0)),"") -> 0 | P11: =IF(O11>0,"Y","N") -> N | Q11: 정기 | T11: =IF(OR(B11="",C11="",E11="",F11="",I11="",L11="",R11=""),"확인필요","OK") -> 확인필요
A12: RP-0011 | B12: 44351 | C12: 116 | D12: 1216 | E12: 2 | F12: 296640-11 | G12: 1974 | H12: 히타치 | I12: 296633-10 | J12: 1973 | K12: 히타치 | L12: 정기·순환교체 | M12: =IFERROR(INDEX(고장심각도분류!$A$2:$A$8,MATCH(L12,고장심각도분류!$B$2:$B$8,0)),"") -> FC00 | N12: =IFERROR(INDEX(고장심각도분류!$C$2:$C$8,MATCH(L12,고장심각도분류!$B$2:$B$8,0)),"") -> 1 | O12: =IFERROR(INDEX(고장심각도분류!$D$2:$D$8,MATCH(L12,고장심각도분류!$B$2:$B$8,0)),"") -> 0 | P12: =IF(O12>0,"Y","N") -> N | Q12: 정기 | T12: =IF(OR(B12="",C12="",E12="",F12="",I12="",L12="",R12=""),"확인필요","OK") -> 확인필요
A13: RP-0012 | B13: 44372 | C13: 114 | D13: 1114 | E13: 1 | F13: 98TWDH398 | G13: 1998 | H13: 현대중공업 | I13: 95TWDH297 | J13: 1995 | K13: 현대중공업 | L13: 절연파괴·소손·F/O | M13: =IFERROR(INDEX(고장심각도분류!$A$2:$A$8,MATCH(L13,고장심각도분류!$B$2:$B$8,0)),"") -> FC05 | N13: =IFERROR(INDEX(고장심각도분류!$C$2:$C$8,MATCH(L13,고장심각도분류!$B$2:$B$8,0)),"") -> 7 | O13: =IFERROR(INDEX(고장심각도분류!$D$2:$D$8,MATCH(L13,고장심각도분류!$B$2:$B$8,0)),"") -> 100 | P13: =IF(O13>0,"Y","N") -> Y | Q13: 접지 소손 | T13: =IF(OR(B13="",C13="",E13="",F13="",I13="",L13="",R13=""),"확인필요","OK") -> 확인필요
A14: RP-0013 | B14: 44377 | C14: 112 | D14: 1712 | E14: 1 | F14: 296634-9 | G14: 1974 | H14: 히타치 | I14: 92TWDH048 | J14: 1992 | K14: 현대중공업 | L14: 절연파괴·소손·F/O | M14: =IFERROR(INDEX(고장심각도분류!$A$2:$A$8,MATCH(L14,고장심각도분류!$B$2:$B$8,0)),"") -> FC05 | N14: =IFERROR(INDEX(고장심각도분류!$C$2:$C$8,MATCH(L14,고장심각도분류!$B$2:$B$8,0)),"") -> 7 | O14: =IFERROR(INDEX(고장심각도분류!$D$2:$D$8,MATCH(L14,고장심각도분류!$B$2:$B$8,0)),"") -> 100 | P14: =IF(O14>0,"Y","N") -> Y | Q14: 접지 소손 | T14: =IF(OR(B14="",C14="",E14="",F14="",I14="",L14="",R14=""),"확인필요","OK") -> 확인필요
A15: RP-0014 | B15: 44382 | C15: 116 | D15: 1716 | E15: 1 | F15: 89TWDH037 | G15: 1989 | H15: 현대중공업 | I15: 296640-11 | J15: 1974 | K15: 히타치 | L15: 절연파괴·소손·F/O | M15: =IFERROR(INDEX(고장심각도분류!$A$2:$A$8,MATCH(L15,고장심각도분류!$B$2:$B$8,0)),"") -> FC05 | N15: =IFERROR(INDEX(고장심각도분류!$C$2:$C$8,MATCH(L15,고장심각도분류!$B$2:$B$8,0)),"") -> 7 | O15: =IFERROR(INDEX(고장심각도분류!$D$2:$D$8,MATCH(L15,고장심각도분류!$B$2:$B$8,0)),"") -> 100 | P15: =IF(O15>0,"Y","N") -> Y | Q15: 고압배선 소손(절연파괴로 폐기) | R15: 정비불가 | S15: 정비불가(절연파괴, 폐기) | T15: =IF(OR(B15="",C15="",E15="",F15="",I15="",L15="",R15=""),"확인필요","OK") -> OK
A16: RP-0015 | B16: 44382 | C16: 116 | D16: 1716 | E16: 2 | F16: 7432512 | G16: 1974 | H16: 도시바 | I16: 88TWDH116 | J16: 1988 | K16: 현대중공업 | L16: 절연파괴·소손·F/O | M16: =IFERROR(INDEX(고장심각도분류!$A$2:$A$8,MATCH(L16,고장심각도분류!$B$2:$B$8,0)),"") -> FC05 | N16: =IFERROR(INDEX(고장심각도분류!$C$2:$C$8,MATCH(L16,고장심각도분류!$B$2:$B$8,0)),"") -> 7 | O16: =IFERROR(INDEX(고장심각도분류!$D$2:$D$8,MATCH(L16,고장심각도분류!$B$2:$B$8,0)),"") -> 100 | P16: =IF(O16>0,"Y","N") -> Y | Q16: 접지 소손 | T16: =IF(OR(B16="",C16="",E16="",F16="",I16="",L16="",R16=""),"확인필요","OK") -> 확인필요
A17: RP-0016 | B17: 44382 | C17: 116 | D17: 1716 | E17: 3 | F17: 88091-67 | G17: 1989 | H17: 대우중공업 | I17: 88TWDH073 | J17: 1988 | K17: 현대중공업 | L17: 절연파괴·소손·F/O | M17: =IFERROR(INDEX(고장심각도분류!$A$2:$A$8,MATCH(L17,고장심각도분류!$B$2:$B$8,0)),"") -> FC05 | N17: =IFERROR(INDEX(고장심각도분류!$C$2:$C$8,MATCH(L17,고장심각도분류!$B$2:$B$8,0)),"") -> 7 | O17: =IFERROR(INDEX(고장심각도분류!$D$2:$D$8,MATCH(L17,고장심각도분류!$B$2:$B$8,0)),"") -> 100 | P17: =IF(O17>0,"Y","N") -> Y | Q17: 접지 소손 | T17: =IF(OR(B17="",C17="",E17="",F17="",I17="",L17="",R17=""),"확인필요","OK") -> 확인필요
A18: RP-0017 | B18: 44382 | C18: 116 | D18: 1716 | E18: 4 | F18: 88TWDH113 | G18: 1988 | H18: 현대중공업 | I18: 297207-11 | J18: 1998 | K18: 현대중공업 | L18: 기타 | M18: =IFERROR(INDEX(고장심각도분류!$A$2:$A$8,MATCH(L18,고장심각도분류!$B$2:$B$8,0)),"") -> FC99 | N18: =IFERROR(INDEX(고장심각도분류!$C$2:$C$8,MATCH(L18,고장심각도분류!$B$2:$B$8,0)),"") -> 2 | O18: =IFERROR(INDEX(고장심각도분류!$D$2:$D$8,MATCH(L18,고장심각도분류!$B$2:$B$8,0)),"") -> 5 | P18: =IF(O18>0,"Y","N") -> Y | T18: =IF(OR(B18="",C18="",E18="",F18="",I18="",L18="",R18=""),"확인필요","OK") -> 확인필요
A19: RP-0018 | B19: 44392 | C19: 113 | D19: 1813 | E19: 3 | F19: 88091-55 | G19: 1989 | H19: 대우중공업 | I19: 297207-11 | J19: 1974 | K19: 히타치 | L19: 절연파괴·소손·F/O | M19: =IFERROR(INDEX(고장심각도분류!$A$2:$A$8,MATCH(L19,고장심각도분류!$B$2:$B$8,0)),"") -> FC05 | N19: =IFERROR(INDEX(고장심각도분류!$C$2:$C$8,MATCH(L19,고장심각도분류!$B$2:$B$8,0)),"") -> 7 | O19: =IFERROR(INDEX(고장심각도분류!$D$2:$D$8,MATCH(L19,고장심각도분류!$B$2:$B$8,0)),"") -> 100 | P19: =IF(O19>0,"Y","N") -> Y | Q19: 접지 소손 | R19: 현차취부 | S19: 116편성 7호차 TM 취거하여 취부 | T19: =IF(OR(B19="",C19="",E19="",F19="",I19="",L19="",R19=""),"확인필요","OK") -> OK
A20: RP-0019 | B20: 44392 | C20: 113 | D20: 1813 | E20: 4 | F20: 94101-88 | G20: 1994 | H20: 대우중공업 | I20: 88TWDH073 | J20: 1988 | K20: 현대중공업 | L20: 절연파괴·소손·F/O | M20: =IFERROR(INDEX(고장심각도분류!$A$2:$A$8,MATCH(L20,고장심각도분류!$B$2:$B$8,0)),"") -> FC05 | N20: =IFERROR(INDEX(고장심각도분류!$C$2:$C$8,MATCH(L20,고장심각도분류!$B$2:$B$8,0)),"") -> 7 | O20: =IFERROR(INDEX(고장심각도분류!$D$2:$D$8,MATCH(L20,고장심각도분류!$B$2:$B$8,0)),"") -> 100 | P20: =IF(O20>0,"Y","N") -> Y | Q20: 접지 소손 | T20: =IF(OR(B20="",C20="",E20="",F20="",I20="",L20="",R20=""),"확인필요","OK") -> 확인필요
A21: RP-0020 | B21: 44392 | C21: 113 | D21: 1713 | E21: 3 | F21: 64057 | G21: 1977 | H21: 미쓰비시 | I21: 88TWDH116 | J21: 1988 | K21: 현대중공업 | L21: 절연파괴·소손·F/O | M21: =IFERROR(INDEX(고장심각도분류!$A$2:$A$8,MATCH(L21,고장심각도분류!$B$2:$B$8,0)),"") -> FC05 | N21: =IFERROR(INDEX(고장심각도분류!$C$2:$C$8,MATCH(L21,고장심각도분류!$B$2:$B$8,0)),"") -> 7 | O21: =IFERROR(INDEX(고장심각도분류!$D$2:$D$8,MATCH(L21,고장심각도분류!$B$2:$B$8,0)),"") -> 100 | P21: =IF(O21>0,"Y","N") -> Y | Q21: 접지 소손 | T21: =IF(OR(B21="",C21="",E21="",F21="",I21="",L21="",R21=""),"확인필요","OK") -> 확인필요
A22: RP-0021 | B22: 44392 | C22: 113 | D22: 1713 | E22: 4 | F22: 297207-4 | G22: 1974 | H22: 히타치 | I22: 296640-11 | J22: 1974 | K22: 히타치 | L22: 절연파괴·소손·F/O | M22: =IFERROR(INDEX(고장심각도분류!$A$2:$A$8,MATCH(L22,고장심각도분류!$B$2:$B$8,0)),"") -> FC05 | N22: =IFERROR(INDEX(고장심각도분류!$C$2:$C$8,MATCH(L22,고장심각도분류!$B$2:$B$8,0)),"") -> 7 | O22: =IFERROR(INDEX(고장심각도분류!$D$2:$D$8,MATCH(L22,고장심각도분류!$B$2:$B$8,0)),"") -> 100 | P22: =IF(O22>0,"Y","N") -> Y | Q22: 접지소손 | T22: =IF(OR(B22="",C22="",E22="",F22="",I22="",L22="",R22=""),"확인필요","OK") -> 확인필요
A23: RP-0022 | B23: 44400 | C23: 116 | D23: 1716 | E23: 1 | F23: - | G23: - | H23: - | I23: 7432512 | J23: 1974 | K23: 도시바 | L23: 기타 | M23: =IFERROR(INDEX(고장심각도분류!$A$2:$A$8,MATCH(L23,고장심각도분류!$B$2:$B$8,0)),"") -> FC99 | N23: =IFERROR(INDEX(고장심각도분류!$C$2:$C$8,MATCH(L23,고장심각도분류!$B$2:$B$8,0)),"") -> 2 | O23: =IFERROR(INDEX(고장심각도분류!$D$2:$D$8,MATCH(L23,고장심각도분류!$B$2:$B$8,0)),"") -> 5 | P23: =IF(O23>0,"Y","N") -> Y | T23: =IF(OR(B23="",C23="",E23="",F23="",I23="",L23="",R23=""),"확인필요","OK") -> 확인필요
A24: RP-0023 | B24: 44400 | C24: 116 | D24: 1716 | E24: 2 | F24: - | G24: - | H24: - | I24: 88091-67 | J24: 1989 | K24: 대우중공업 | L24: 기타 | M24: =IFERROR(INDEX(고장심각도분류!$A$2:$A$8,MATCH(L24,고장심각도분류!$B$2:$B$8,0)),"") -> FC99 | N24: =IFERROR(INDEX(고장심각도분류!$C$2:$C$8,MATCH(L24,고장심각도분류!$B$2:$B$8,0)),"") -> 2 | O24: =IFERROR(INDEX(고장심각도분류!$D$2:$D$8,MATCH(L24,고장심각도분류!$B$2:$B$8,0)),"") -> 5 | P24: =IF(O24>0,"Y","N") -> Y | T24: =IF(OR(B24="",C24="",E24="",F24="",I24="",L24="",R24=""),"확인필요","OK") -> 확인필요
A25: RP-0024 | B25: 44400 | C25: 116 | D25: 1716 | E25: 3 | F25: - | G25: - | H25: - | I25: 88TWDH113 | J25: 1988 | K25: 현대중공업 | L25: 기타 | M25: =IFERROR(INDEX(고장심각도분류!$A$2:$A$8,MATCH(L25,고장심각도분류!$B$2:$B$8,0)),"") -> FC99 | N25: =IFERROR(INDEX(고장심각도분류!$C$2:$C$8,MATCH(L25,고장심각도분류!$B$2:$B$8,0)),"") -> 2 | O25: =IFERROR(INDEX(고장심각도분류!$D$2:$D$8,MATCH(L25,고장심각도분류!$B$2:$B$8,0)),"") -> 5 | P25: =IF(O25>0,"Y","N") -> Y | T25: =IF(OR(B25="",C25="",E25="",F25="",I25="",L25="",R25=""),"확인필요","OK") -> 확인필요
A26: RP-0025 | B26: 44400 | C26: 116 | D26: 1716 | E26: 4 | F26: - | G26: - | H26: - | I26: 98TWDH398 | J26: 1998 | K26: 현대중공업 | L26: 기타 | M26: =IFERROR(INDEX(고장심각도분류!$A$2:$A$8,MATCH(L26,고장심각도분류!$B$2:$B$8,0)),"") -> FC99 | N26: =IFERROR(INDEX(고장심각도분류!$C$2:$C$8,MATCH(L26,고장심각도분류!$B$2:$B$8,0)),"") -> 2 | O26: =IFERROR(INDEX(고장심각도분류!$D$2:$D$8,MATCH(L26,고장심각도분류!$B$2:$B$8,0)),"") -> 5 | P26: =IF(O26>0,"Y","N") -> Y | T26: =IF(OR(B26="",C26="",E26="",F26="",I26="",L26="",R26=""),"확인필요","OK") -> 확인필요
A27: RP-0026 | B27: 44412 | C27: 112 | D27: 1712 | E27: 1 | F27: 92TWDH048 | G27: 1992 | H27: 현대중공업 | I27: 296634-9 | J27: 1989 | K27: 대우중공업 | L27: 절연파괴·소손·F/O | M27: =IFERROR(INDEX(고장심각도분류!$A$2:$A$8,MATCH(L27,고장심각도분류!$B$2:$B$8,0)),"") -> FC05 | N27: =IFERROR(INDEX(고장심각도분류!$C$2:$C$8,MATCH(L27,고장심각도분류!$B$2:$B$8,0)),"") -> 7 | O27: =IFERROR(INDEX(고장심각도분류!$D$2:$D$8,MATCH(L27,고장심각도분류!$B$2:$B$8,0)),"") -> 100 | P27: =IF(O27>0,"Y","N") -> Y | Q27: 접지 소손 | R27: 현차취부 | S27: 88091-59(2위 -> 1위 이동) / 2위 296634-9 취부 | T27: =IF(OR(B27="",C27="",E27="",F27="",I27="",L27="",R27=""),"확인필요","OK") -> OK
A28: RP-0027 | B28: 44471 | C28: 116 | D28: 1716 | E28: 4 | F28: 98TWDH398 | G28: 1998 | H28: 현대중공업 | I28: 64057 | J28: 1977 | K28: 미쓰비시 | L28: 절연파괴·소손·F/O | M28: =IFERROR(INDEX(고장심각도분류!$A$2:$A$8,MATCH(L28,고장심각도분류!$B$2:$B$8,0)),"") -> FC05 | N28: =IFERROR(INDEX(고장심각도분류!$C$2:$C$8,MATCH(L28,고장심각도분류!$B$2:$B$8,0)),"") -> 7 | O28: =IFERROR(INDEX(고장심각도분류!$D$2:$D$8,MATCH(L28,고장심각도분류!$B$2:$B$8,0)),"") -> 100 | P28: =IF(O28>0,"Y","N") -> Y | Q28: 브러쉬홀더 리드선 절손 및 열화, 정류자 F/O | T28: =IF(OR(B28="",C28="",E28="",F28="",I28="",L28="",R28=""),"확인필요","OK") -> 확인필요
A29: RP-0028 | B29: 44497 | C29: 111 | D29: 1811 | E29: 1 | F29: 87TWDH047 | G29: 1987 | H29: 현대중공업 | I29: 94101-88 | J29: 1994 | K29: 대우중공업 | L29: 절연파괴·소손·F/O | M29: =IFERROR(INDEX(고장심각도분류!$A$2:$A$8,MATCH(L29,고장심각도분류!$B$2:$B$8,0)),"") -> FC05 | N29: =IFERROR(INDEX(고장심각도분류!$C$2:$C$8,MATCH(L29,고장심각도분류!$B$2:$B$8,0)),"") -> 7 | O29: =IFERROR(INDEX(고장심각도분류!$D$2:$D$8,MATCH(L29,고장심각도분류!$B$2:$B$8,0)),"") -> 100 | P29: =IF(O29>0,"Y","N") -> Y | Q29: 접지 소손, 정류자 F/O | R29: 정비불가 | S29: 정비불가(절연파괴, 폐기) | T29: =IF(OR(B29="",C29="",E29="",F29="",I29="",L29="",R29=""),"확인필요","OK") -> OK
A30: RP-0029 | B30: 44551 | C30: 111 | D30: 1711 | E30: 3 | F30: 296638-19 | G30: 1974 | H30: 히타치 | I30: 92TWDH048 | J30: 1992 | K30: 현대중공업 | L30: 절연파괴·소손·F/O | M30: =IFERROR(INDEX(고장심각도분류!$A$2:$A$8,MATCH(L30,고장심각도분류!$B$2:$B$8,0)),"") -> FC05 | N30: =IFERROR(INDEX(고장심각도분류!$C$2:$C$8,MATCH(L30,고장심각도분류!$B$2:$B$8,0)),"") -> 7 | O30: =IFERROR(INDEX(고장심각도분류!$D$2:$D$8,MATCH(L30,고장심각도분류!$B$2:$B$8,0)),"") -> 100 | P30: =IF(O30>0,"Y","N") -> Y | Q30: 절연파괴, 정류자 F/O | T30: =IF(OR(B30="",C30="",E30="",F30="",I30="",L30="",R30=""),"확인필요","OK") -> 확인필요
A31: RP-0030 | B31: 44613 | C31: 112 | D31: 1512 | E31: 2 | F31: 8833344 | G31: 1988 | H31: 도시바 | I31: 88091-55 | J31: 1989 | K31: 대우중공업 | L31: 절연파괴·소손·F/O | M31: =IFERROR(INDEX(고장심각도분류!$A$2:$A$8,MATCH(L31,고장심각도분류!$B$2:$B$8,0)),"") -> FC05 | N31: =IFERROR(INDEX(고장심각도분류!$C$2:$C$8,MATCH(L31,고장심각도분류!$B$2:$B$8,0)),"") -> 7 | O31: =IFERROR(INDEX(고장심각도분류!$D$2:$D$8,MATCH(L31,고장심각도분류!$B$2:$B$8,0)),"") -> 100 | P31: =IF(O31>0,"Y","N") -> Y | Q31: 절연불량 9M옴 | R31: 정비불가 | S31: 정비불가(절연파괴) | T31: =IF(OR(B31="",C31="",E31="",F31="",I31="",L31="",R31=""),"확인필요","OK") -> OK
A32: RP-0031 | B32: 44615 | C32: 111 | D32: 1711 | E32: 3 | F32: 92TWDH048 | G32: 1992 | H32: 현대중공업 | I32: 297207-4 | J32: 1974 | K32: 히타치 | L32: 절연파괴·소손·F/O | M32: =IFERROR(INDEX(고장심각도분류!$A$2:$A$8,MATCH(L32,고장심각도분류!$B$2:$B$8,0)),"") -> FC05 | N32: =IFERROR(INDEX(고장심각도분류!$C$2:$C$8,MATCH(L32,고장심각도분류!$B$2:$B$8,0)),"") -> 7 | O32: =IFERROR(INDEX(고장심각도분류!$D$2:$D$8,MATCH(L32,고장심각도분류!$B$2:$B$8,0)),"") -> 100 | P32: =IF(O32>0,"Y","N") -> Y | Q32: 절연파괴 | R32: 정비불가 | S32: 정비불가(절연파괴) | T32: =IF(OR(B32="",C32="",E32="",F32="",I32="",L32="",R32=""),"확인필요","OK") -> OK
A33: RP-0032 | B33: 44615 | C33: 111 | D33: 1711 | E33: 2 | F33: 88091-48 | G33: 1989 | H33: 대우중공업 | I33: 98TWDH398 | J33: 1998 | K33: 현대중공업 | L33: 절연파괴·소손·F/O | M33: =IFERROR(INDEX(고장심각도분류!$A$2:$A$8,MATCH(L33,고장심각도분류!$B$2:$B$8,0)),"") -> FC05 | N33: =IFERROR(INDEX(고장심각도분류!$C$2:$C$8,MATCH(L33,고장심각도분류!$B$2:$B$8,0)),"") -> 7 | O33: =IFERROR(INDEX(고장심각도분류!$D$2:$D$8,MATCH(L33,고장심각도분류!$B$2:$B$8,0)),"") -> 100 | P33: =IF(O33>0,"Y","N") -> Y | Q33: 정류자 F/O | T33: =IF(OR(B33="",C33="",E33="",F33="",I33="",L33="",R33=""),"확인필요","OK") -> 확인필요
A34: RP-0033 | B34: 44630 | C34: 116 | D34: 1116 | E34: 1 | F34: 88091-87 | G34: 1989 | H34: 대우중공업 | I34: 296638-19 | J34: 1974 | K34: 히타치 | L34: 브러쉬홀더 열화·계자코일 단락 | M34: =IFERROR(INDEX(고장심각도분류!$A$2:$A$8,MATCH(L34,고장심각도분류!$B$2:$B$8,0)),"") -> FC03 | N34: =IFERROR(INDEX(고장심각도분류!$C$2:$C$8,MATCH(L34,고장심각도분류!$B$2:$B$8,0)),"") -> 5 | O34: =IFERROR(INDEX(고장심각도분류!$D$2:$D$8,MATCH(L34,고장심각도분류!$B$2:$B$8,0)),"") -> 45 | P34: =IF(O34>0,"Y","N") -> Y | Q34: 홀더 열화, 절연저항 양호 | T34: =IF(OR(B34="",C34="",E34="",F34="",I34="",L34="",R34=""),"확인필요","OK") -> 확인필요
A35: RP-0034 | B35: 44630 | C35: 116 | D35: 1116 | E35: 2 | F35: 296637-8 | G35: 1974 | H35: 히타치 | I35: 88091-48 | J35: 1989 | K35: 대우중공업 | L35: 브러쉬홀더 열화·계자코일 단락 | M35: =IFERROR(INDEX(고장심각도분류!$A$2:$A$8,MATCH(L35,고장심각도분류!$B$2:$B$8,0)),"") -> FC03 | N35: =IFERROR(INDEX(고장심각도분류!$C$2:$C$8,MATCH(L35,고장심각도분류!$B$2:$B$8,0)),"") -> 5 | O35: =IFERROR(INDEX(고장심각도분류!$D$2:$D$8,MATCH(L35,고장심각도분류!$B$2:$B$8,0)),"") -> 45 | P35: =IF(O35>0,"Y","N") -> Y | Q35: 홀더 열화, 절연저항 양호 | T35: =IF(OR(B35="",C35="",E35="",F35="",I35="",L35="",R35=""),"확인필요","OK") -> 확인필요
A36: RP-0035 | B36: 44631 | C36: 116 | D36: 1116 | E36: 1 | F36: 296638-19 | G36: 1974 | H36: 히타치 | I36: 88TWDH103 | J36: 1988 | K36: 현대중공업 | L36: 절연파괴·소손·F/O | M36: =IFERROR(INDEX(고장심각도분류!$A$2:$A$8,MATCH(L36,고장심각도분류!$B$2:$B$8,0)),"") -> FC05 | N36: =IFERROR(INDEX(고장심각도분류!$C$2:$C$8,MATCH(L36,고장심각도분류!$B$2:$B$8,0)),"") -> 7 | O36: =IFERROR(INDEX(고장심각도분류!$D$2:$D$8,MATCH(L36,고장심각도분류!$B$2:$B$8,0)),"") -> 100 | P36: =IF(O36>0,"Y","N") -> Y | Q36: 절연저항 불량, 계자 F/O | R36: 정비불가 | S36: 정비불가(절연파괴), 111편성 TM사용 | T36: =IF(OR(B36="",C36="",E36="",F36="",I36="",L36="",R36=""),"확인필요","OK") -> OK
A37: RP-0036 | B37: 44631 | C37: 116 | D37: 1116 | E37: 2 | F37: 88091-48 | G37: 1989 | H37: 대우중공업 | I37: 96TWDH244 | J37: 1996 | K37: 현대중공업 | L37: 절연저항·물유입·세이프티 이상 | M37: =IFERROR(INDEX(고장심각도분류!$A$2:$A$8,MATCH(L37,고장심각도분류!$B$2:$B$8,0)),"") -> FC02 | N37: =IFERROR(INDEX(고장심각도분류!$C$2:$C$8,MATCH(L37,고장심각도분류!$B$2:$B$8,0)),"") -> 4 | O37: =IFERROR(INDEX(고장심각도분류!$D$2:$D$8,MATCH(L37,고장심각도분류!$B$2:$B$8,0)),"") -> 20 | P37: =IF(O37>0,"Y","N") -> Y | Q37: 절연저항 불량 | R37: 확인필요 | S37: 111편성 TM사용 | T37: =IF(OR(B37="",C37="",E37="",F37="",I37="",L37="",R37=""),"확인필요","OK") -> OK
A38: RP-0037 | B38: 44636 | C38: 111 | D38: 1211 | E38: 1 | F38: - | G38: - | H38: - | I38: 296637-8 | J38: 1974 | K38: 히타치 | L38: 기타 | M38: =IFERROR(INDEX(고장심각도분류!$A$2:$A$8,MATCH(L38,고장심각도분류!$B$2:$B$8,0)),"") -> FC99 | N38: =IFERROR(INDEX(고장심각도분류!$C$2:$C$8,MATCH(L38,고장심각도분류!$B$2:$B$8,0)),"") -> 2 | O38: =IFERROR(INDEX(고장심각도분류!$D$2:$D$8,MATCH(L38,고장심각도분류!$B$2:$B$8,0)),"") -> 5 | P38: =IF(O38>0,"Y","N") -> Y | R38: 예비품전환 | S38: 예비품 부족으로 111편성 TM사용 | T38: =IF(OR(B38="",C38="",E38="",F38="",I38="",L38="",R38=""),"확인필요","OK") -> OK
A39: RP-0038 | B39: 44636 | C39: 111 | D39: 1211 | E39: 2 | F39: - | G39: - | H39: - | I39: 88091-87 | J39: 1989 | K39: 대우중공업 | L39: 기타 | M39: =IFERROR(INDEX(고장심각도분류!$A$2:$A$8,MATCH(L39,고장심각도분류!$B$2:$B$8,0)),"") -> FC99 | N39: =IFERROR(INDEX(고장심각도분류!$C$2:$C$8,MATCH(L39,고장심각도분류!$B$2:$B$8,0)),"") -> 2 | O39: =IFERROR(INDEX(고장심각도분류!$D$2:$D$8,MATCH(L39,고장심각도분류!$B$2:$B$8,0)),"") -> 5 | P39: =IF(O39>0,"Y","N") -> Y | R39: 예비품전환 | S39: 예비품 부족으로 111편성 TM사용 | T39: =IF(OR(B39="",C39="",E39="",F39="",I39="",L39="",R39=""),"확인필요","OK") -> OK
A40: RP-0039 | B40: 44636 | C40: 111 | D40: 1211 | E40: 3 | F40: - | G40: - | H40: - | I40: 88TWDH099 | J40: 1988 | K40: 현대중공업 | L40: 기타 | M40: =IFERROR(INDEX(고장심각도분류!$A$2:$A$8,MATCH(L40,고장심각도분류!$B$2:$B$8,0)),"") -> FC99 | N40: =IFERROR(INDEX(고장심각도분류!$C$2:$C$8,MATCH(L40,고장심각도분류!$B$2:$B$8,0)),"") -> 2 | O40: =IFERROR(INDEX(고장심각도분류!$D$2:$D$8,MATCH(L40,고장심각도분류!$B$2:$B$8,0)),"") -> 5 | P40: =IF(O40>0,"Y","N") -> Y | R40: 예비품전환 | S40: 예비품 부족으로 111편성 TM사용 | T40: =IF(OR(B40="",C40="",E40="",F40="",I40="",L40="",R40=""),"확인필요","OK") -> OK
A41: RP-0040 | B41: 44636 | C41: 111 | D41: 1211 | E41: 4 | F41: - | G41: - | H41: - | I41: 87TWDH043 | J41: 1987 | K41: 현대중공업 | L41: 기타 | M41: =IFERROR(INDEX(고장심각도분류!$A$2:$A$8,MATCH(L41,고장심각도분류!$B$2:$B$8,0)),"") -> FC99 | N41: =IFERROR(INDEX(고장심각도분류!$C$2:$C$8,MATCH(L41,고장심각도분류!$B$2:$B$8,0)),"") -> 2 | O41: =IFERROR(INDEX(고장심각도분류!$D$2:$D$8,MATCH(L41,고장심각도분류!$B$2:$B$8,0)),"") -> 5 | P41: =IF(O41>0,"Y","N") -> Y | R41: 예비품전환 | S41: 예비품 부족으로 111편성 TM사용 | T41: =IF(OR(B41="",C41="",E41="",F41="",I41="",L41="",R41=""),"확인필요","OK") -> OK
A42: RP-0041 | B42: 44656 | C42: 269 | D42: 2869 | E42: 2 | F42: S07-603 | G42: 2008 | H42: 현대로템 | I42: S07-403 | J42: 2008 | K42: 현대로템 | L42: 브러쉬홀더 열화·계자코일 단락 | M42: =IFERROR(INDEX(고장심각도분류!$A$2:$A$8,MATCH(L42,고장심각도분류!$B$2:$B$8,0)),"") -> FC03 | N42: =IFERROR(INDEX(고장심각도분류!$C$2:$C$8,MATCH(L42,고장심각도분류!$B$2:$B$8,0)),"") -> 5 | O42: =IFERROR(INDEX(고장심각도분류!$D$2:$D$8,MATCH(L42,고장심각도분류!$B$2:$B$8,0)),"") -> 45 | P42: =IF(O42>0,"Y","N") -> Y | Q42: 계자 코일 단락 | R42: 확인필요 | S42: 외주수선 예정 | T42: =IF(OR(B42="",C42="",E42="",F42="",I42="",L42="",R42=""),"확인필요","OK") -> OK
A43: RP-0042 | B43: 44659 | C43: 106 | D43: 1106 | E43: 3 | F43: 98TSDH282 | G43: - | H43: - | I43: 98TSDH280 | J43: - | K43: - | L43: 기타 | M43: =IFERROR(INDEX(고장심각도분류!$A$2:$A$8,MATCH(L43,고장심각도분류!$B$2:$B$8,0)),"") -> FC99 | N43: =IFERROR(INDEX(고장심각도분류!$C$2:$C$8,MATCH(L43,고장심각도분류!$B$2:$B$8,0)),"") -> 2 | O43: =IFERROR(INDEX(고장심각도분류!$D$2:$D$8,MATCH(L43,고장심각도분류!$B$2:$B$8,0)),"") -> 5 | P43: =IF(O43>0,"Y","N") -> Y | T43: =IF(OR(B43="",C43="",E43="",F43="",I43="",L43="",R43=""),"확인필요","OK") -> 확인필요
A44: RP-0043 | B44: 44690 | C44: 111 | D44: 1711 | E44: 1 | F44: 98TWDH393 | G44: 1998 | H44: 현대중공업 | I44: 297207-4 | J44: 1974 | K44: 히타치 | L44: 절연파괴·소손·F/O | M44: =IFERROR(INDEX(고장심각도분류!$A$2:$A$8,MATCH(L44,고장심각도분류!$B$2:$B$8,0)),"") -> FC05 | N44: =IFERROR(INDEX(고장심각도분류!$C$2:$C$8,MATCH(L44,고장심각도분류!$B$2:$B$8,0)),"") -> 7 | O44: =IFERROR(INDEX(고장심각도분류!$D$2:$D$8,MATCH(L44,고장심각도분류!$B$2:$B$8,0)),"") -> 100 | P44: =IF(O44>0,"Y","N") -> Y | Q44: 정류자 F/O | T44: =IF(OR(B44="",C44="",E44="",F44="",I44="",L44="",R44=""),"확인필요","OK") -> 확인필요
A45: RP-0044 | B45: 44690 | C45: 111 | D45: 1711 | E45: 2 | F45: 98TWDH398 | G45: 1998 | H45: 현대중공업 | I45: 98TWDH395 | J45: 1998 | K45: 현대중공업 | L45: 절연파괴·소손·F/O | M45: =IFERROR(INDEX(고장심각도분류!$A$2:$A$8,MATCH(L45,고장심각도분류!$B$2:$B$8,0)),"") -> FC05 | N45: =IFERROR(INDEX(고장심각도분류!$C$2:$C$8,MATCH(L45,고장심각도분류!$B$2:$B$8,0)),"") -> 7 | O45: =IFERROR(INDEX(고장심각도분류!$D$2:$D$8,MATCH(L45,고장심각도분류!$B$2:$B$8,0)),"") -> 100 | P45: =IF(O45>0,"Y","N") -> Y | Q45: 브러시홀더 리드선 절손 및 열화, 정류자 F/O | R45: 정비불가 | S45: 정비불가(정류자면 손상) | T45: =IF(OR(B45="",C45="",E45="",F45="",I45="",L45="",R45=""),"확인필요","OK") -> OK
A46: RP-0045 | B46: 44706 | C46: 111 | D46: 1711 | E46: 3 | F46: 297207-4 | G46: 1974 | H46: 히타치 | I46: 94101-33 | J46: 1994 | K46: 대우중공업 | L46: 기타 | M46: =IFERROR(INDEX(고장심각도분류!$A$2:$A$8,MATCH(L46,고장심각도분류!$B$2:$B$8,0)),"") -> FC99 | N46: =IFERROR(INDEX(고장심각도분류!$C$2:$C$8,MATCH(L46,고장심각도분류!$B$2:$B$8,0)),"") -> 2 | O46: =IFERROR(INDEX(고장심각도분류!$D$2:$D$8,MATCH(L46,고장심각도분류!$B$2:$B$8,0)),"") -> 5 | P46: =IF(O46>0,"Y","N") -> Y | R46: 확인필요 | S46: 3, 4TM을 1, 2TM으로 이동 | T46: =IF(OR(B46="",C46="",E46="",F46="",I46="",L46="",R46=""),"확인필요","OK") -> OK
A47: RP-0046 | B47: 44706 | C47: 111 | D47: 1711 | E47: 4 | F47: 98TWDH395 | G47: 1998 | H47: 현대중공업 | I47: 95111-45 | J47: 1995 | K47: 대우중공업 | L47: 기타 | M47: =IFERROR(INDEX(고장심각도분류!$A$2:$A$8,MATCH(L47,고장심각도분류!$B$2:$B$8,0)),"") -> FC99 | N47: =IFERROR(INDEX(고장심각도분류!$C$2:$C$8,MATCH(L47,고장심각도분류!$B$2:$B$8,0)),"") -> 2 | O47: =IFERROR(INDEX(고장심각도분류!$D$2:$D$8,MATCH(L47,고장심각도분류!$B$2:$B$8,0)),"") -> 5 | P47: =IF(O47>0,"Y","N") -> Y | R47: 현차취부 | S47: 3, 4TM에 수선품 취부 | T47: =IF(OR(B47="",C47="",E47="",F47="",I47="",L47="",R47=""),"확인필요","OK") -> OK
A48: RP-0047 | B48: 44697 | C48: 264 | D48: 2764 | E48: 2 | F48: S07-456 | G48: 2008 | H48: 현대로템 | I48: S07-378 | J48: 2008 | K48: 현대로템 | L48: 정류자·브러쉬 경미 이상 | M48: =IFERROR(INDEX(고장심각도분류!$A$2:$A$8,MATCH(L48,고장심각도분류!$B$2:$B$8,0)),"") -> FC01 | N48: =IFERROR(INDEX(고장심각도분류!$C$2:$C$8,MATCH(L48,고장심각도분류!$B$2:$B$8,0)),"") -> 3 | O48: =IFERROR(INDEX(고장심각도분류!$D$2:$D$8,MATCH(L48,고장심각도분류!$B$2:$B$8,0)),"") -> 10 | P48: =IF(O48>0,"Y","N") -> Y | Q48: MOCD 발생, 상태확인 예정 | T48: =IF(OR(B48="",C48="",E48="",F48="",I48="",L48="",R48=""),"확인필요","OK") -> 확인필요
A49: RP-0048 | B49: 44757 | C49: 111 | D49: 1811 | E49: 1 | F49: 94101-88 | G49: 1994 | H49: 대우중공업 | I49: 95111-04 | J49: 1995 | K49: 대우중공업 | L49: 절연파괴·소손·F/O | M49: =IFERROR(INDEX(고장심각도분류!$A$2:$A$8,MATCH(L49,고장심각도분류!$B$2:$B$8,0)),"") -> FC05 | N49: =IFERROR(INDEX(고장심각도분류!$C$2:$C$8,MATCH(L49,고장심각도분류!$B$2:$B$8,0)),"") -> 7 | O49: =IFERROR(INDEX(고장심각도분류!$D$2:$D$8,MATCH(L49,고장심각도분류!$B$2:$B$8,0)),"") -> 100 | P49: =IF(O49>0,"Y","N") -> Y | Q49: 접지 소손, 정류자 F/O, 물유입 | R49: 정비불가 | S49: 정비불가(절연파괴, 폐기) | T49: =IF(OR(B49="",C49="",E49="",F49="",I49="",L49="",R49=""),"확인필요","OK") -> OK
A50: RP-0049 | B50: 44802 | C50: 111 | D50: 1711 | E50: 1 | F50: 297207-4 | G50: 1974 | H50: 히타치 | I50: 95111-35 | J50: 1995 | K50: 대우중공업 | L50: 정기·순환교체 | M50: =IFERROR(INDEX(고장심각도분류!$A$2:$A$8,MATCH(L50,고장심각도분류!$B$2:$B$8,0)),"") -> FC00 | N50: =IFERROR(INDEX(고장심각도분류!$C$2:$C$8,MATCH(L50,고장심각도분류!$B$2:$B$8,0)),"") -> 1 | O50: =IFERROR(INDEX(고장심각도분류!$D$2:$D$8,MATCH(L50,고장심각도분류!$B$2:$B$8,0)),"") -> 0 | P50: =IF(O50>0,"Y","N") -> N | Q50: 중정비 시 교체(정기조) | T50: =IF(OR(B50="",C50="",E50="",F50="",I50="",L50="",R50=""),"확인필요","OK") -> 확인필요
A51: RP-0050 | B51: 44802 | C51: 111 | D51: 1711 | E51: 2 | F51: 98TWDH395 | G51: 1998 | H51: 현대중공업 | I51: 95111-51 | J51: 1995 | K51: 대우중공업 | L51: 정기·순환교체 | M51: =IFERROR(INDEX(고장심각도분류!$A$2:$A$8,MATCH(L51,고장심각도분류!$B$2:$B$8,0)),"") -> FC00 | N51: =IFERROR(INDEX(고장심각도분류!$C$2:$C$8,MATCH(L51,고장심각도분류!$B$2:$B$8,0)),"") -> 1 | O51: =IFERROR(INDEX(고장심각도분류!$D$2:$D$8,MATCH(L51,고장심각도분류!$B$2:$B$8,0)),"") -> 0 | P51: =IF(O51>0,"Y","N") -> N | Q51: 중정비 시 교체(정기조) | T51: =IF(OR(B51="",C51="",E51="",F51="",I51="",L51="",R51=""),"확인필요","OK") -> 확인필요
A52: RP-0051 | B52: 44802 | C52: 111 | D52: 1811 | E52: 2 | F52: 92TWDH076 | G52: 1992 | H52: 현대중공업 | I52: 98TWDH395 | J52: 1998 | K52: 현대중공업 | L52: 정기·순환교체 | M52: =IFERROR(INDEX(고장심각도분류!$A$2:$A$8,MATCH(L52,고장심각도분류!$B$2:$B$8,0)),"") -> FC00 | N52: =IFERROR(INDEX(고장심각도분류!$C$2:$C$8,MATCH(L52,고장심각도분류!$B$2:$B$8,0)),"") -> 1 | O52: =IFERROR(INDEX(고장심각도분류!$D$2:$D$8,MATCH(L52,고장심각도분류!$B$2:$B$8,0)),"") -> 0 | P52: =IF(O52>0,"Y","N") -> N | Q52: 중정비 시 교체(정기조) | T52: =IF(OR(B52="",C52="",E52="",F52="",I52="",L52="",R52=""),"확인필요","OK") -> 확인필요
A53: RP-0052 | B53: 44814 | C53: 116 | D53: 1816 | E53: 4 | F53: 59812 | G53: 1974 | H53: 미쓰비시 | I53: 91092-20 | J53: 1991 | K53: 대우중공업 | L53: 절연파괴·소손·F/O | M53: =IFERROR(INDEX(고장심각도분류!$A$2:$A$8,MATCH(L53,고장심각도분류!$B$2:$B$8,0)),"") -> FC05 | N53: =IFERROR(INDEX(고장심각도분류!$C$2:$C$8,MATCH(L53,고장심각도분류!$B$2:$B$8,0)),"") -> 7 | O53: =IFERROR(INDEX(고장심각도분류!$D$2:$D$8,MATCH(L53,고장심각도분류!$B$2:$B$8,0)),"") -> 100 | P53: =IF(O53>0,"Y","N") -> Y | Q53: 정류자 F/O, 브러쉬 절손(2, 4위) | R53: 확인필요 | S53: xx년 LH | T53: =IF(OR(B53="",C53="",E53="",F53="",I53="",L53="",R53=""),"확인필요","OK") -> OK
A54: RP-0053 | B54: 44883 | C54: 113 | D54: 1213 | E54: 2 | F54: 296633-9 | G54: 1973 | H54: 히타치 | I54: 94101-5 | J54: 1994 | K54: 대우중공업 | L54: 기타 | M54: =IFERROR(INDEX(고장심각도분류!$A$2:$A$8,MATCH(L54,고장심각도분류!$B$2:$B$8,0)),"") -> FC99 | N54: =IFERROR(INDEX(고장심각도분류!$C$2:$C$8,MATCH(L54,고장심각도분류!$B$2:$B$8,0)),"") -> 2 | O54: =IFERROR(INDEX(고장심각도분류!$D$2:$D$8,MATCH(L54,고장심각도분류!$B$2:$B$8,0)),"") -> 5 | P54: =IF(O54>0,"Y","N") -> Y | Q54: 브러쉬홀더 절손(상부 좌측) | R54: 확인필요 | S54: xx년 LH | T54: =IF(OR(B54="",C54="",E54="",F54="",I54="",L54="",R54=""),"확인필요","OK") -> OK
A55: RP-0054 | B55: 44886 | C55: 114 | D55: 1114 | E55: 1 | F55: 95TWDH297 | G55: 1995 | H55: 현대중공업 | I55: 862214-5 | J55: 1993 | K55: 히타치 | L55: 브러쉬홀더 열화·계자코일 단락 | M55: =IFERROR(INDEX(고장심각도분류!$A$2:$A$8,MATCH(L55,고장심각도분류!$B$2:$B$8,0)),"") -> FC03 | N55: =IFERROR(INDEX(고장심각도분류!$C$2:$C$8,MATCH(L55,고장심각도분류!$B$2:$B$8,0)),"") -> 5 | O55: =IFERROR(INDEX(고장심각도분류!$D$2:$D$8,MATCH(L55,고장심각도분류!$B$2:$B$8,0)),"") -> 45 | P55: =IF(O55>0,"Y","N") -> Y | Q55: 브러쉬홀더 열화 | R55: 확인필요 | S55: 월상 11/18 시행 | T55: =IF(OR(B55="",C55="",E55="",F55="",I55="",L55="",R55=""),"확인필요","OK") -> OK
A56: RP-0055 | B56: 44886 | C56: 114 | D56: 1114 | E56: 2 | F56: 96TWDH245 | G56: 1996 | H56: 현대중공업 | I56: 93TWDH150 | J56: 1993 | K56: 현대중공업 | L56: 기타 | M56: =IFERROR(INDEX(고장심각도분류!$A$2:$A$8,MATCH(L56,고장심각도분류!$B$2:$B$8,0)),"") -> FC99 | N56: =IFERROR(INDEX(고장심각도분류!$C$2:$C$8,MATCH(L56,고장심각도분류!$B$2:$B$8,0)),"") -> 2 | O56: =IFERROR(INDEX(고장심각도분류!$D$2:$D$8,MATCH(L56,고장심각도분류!$B$2:$B$8,0)),"") -> 5 | P56: =IF(O56>0,"Y","N") -> Y | Q56: 브러쉬홀더 절손 및 용융 RH(-) | R56: 확인필요 | S56: 월상 11/18 시행 | T56: =IF(OR(B56="",C56="",E56="",F56="",I56="",L56="",R56=""),"확인필요","OK") -> OK
A57: RP-0056 | B57: 44894 | C57: 112 | D57: 1812 | E57: 2 | F57: 98TWDH394 | G57: 1998 | H57: 현대중공업 | I57: 59812 | J57: 1974 | K57: 미쓰비시 | L57: 정기·순환교체 | M57: =IFERROR(INDEX(고장심각도분류!$A$2:$A$8,MATCH(L57,고장심각도분류!$B$2:$B$8,0)),"") -> FC00 | N57: =IFERROR(INDEX(고장심각도분류!$C$2:$C$8,MATCH(L57,고장심각도분류!$B$2:$B$8,0)),"") -> 1 | O57: =IFERROR(INDEX(고장심각도분류!$D$2:$D$8,MATCH(L57,고장심각도분류!$B$2:$B$8,0)),"") -> 0 | P57: =IF(O57>0,"Y","N") -> N | Q57: 중정비 시 교체(정기조) | R57: 정비불가 | S57: 98TWDH394 계자 손상흔적, 정비불가(외부업체 문의) | T57: =IF(OR(B57="",C57="",E57="",F57="",I57="",L57="",R57=""),"확인필요","OK") -> OK
A58: RP-0057 | B58: 44902 | C58: 115 | D58: 1515 | E58: 2 | F58: 296632-1 | G58: 1973 | H58: 히타치 | I58: 95111-07 | J58: 1995 | K58: 대우중공업 | L58: 기타 | M58: =IFERROR(INDEX(고장심각도분류!$A$2:$A$8,MATCH(L58,고장심각도분류!$B$2:$B$8,0)),"") -> FC99 | N58: =IFERROR(INDEX(고장심각도분류!$C$2:$C$8,MATCH(L58,고장심각도분류!$B$2:$B$8,0)),"") -> 2 | O58: =IFERROR(INDEX(고장심각도분류!$D$2:$D$8,MATCH(L58,고장심각도분류!$B$2:$B$8,0)),"") -> 5 | P58: =IF(O58>0,"Y","N") -> Y | Q58: 브러쉬홀더 절손 및 용융 LH(+) | T58: =IF(OR(B58="",C58="",E58="",F58="",I58="",L58="",R58=""),"확인필요","OK") -> 확인필요
A59: RP-0058 | B59: 44910 | C59: 114 | D59: 1114 | E59: 1 | F59: 862214-5 | G59: 1993 | H59: 히타치 | I59: 88091-48 | J59: 1989 | K59: 대우중공업 | L59: 기타 | M59: =IFERROR(INDEX(고장심각도분류!$A$2:$A$8,MATCH(L59,고장심각도분류!$B$2:$B$8,0)),"") -> FC99 | N59: =IFERROR(INDEX(고장심각도분류!$C$2:$C$8,MATCH(L59,고장심각도분류!$B$2:$B$8,0)),"") -> 2 | O59: =IFERROR(INDEX(고장심각도분류!$D$2:$D$8,MATCH(L59,고장심각도분류!$B$2:$B$8,0)),"") -> 5 | P59: =IF(O59>0,"Y","N") -> Y | Q59: 파워시험 시 1호차 TM F/O | T59: =IF(OR(B59="",C59="",E59="",F59="",I59="",L59="",R59=""),"확인필요","OK") -> 확인필요
A60: RP-0059 | B60: 44910 | C60: 114 | D60: 1114 | E60: 2 | F60: 93TWDH150 | G60: 1993 | H60: 현대중공업 | I60: 98TWDH393 | J60: 1998 | K60: 현대중공업 | L60: 기타 | M60: =IFERROR(INDEX(고장심각도분류!$A$2:$A$8,MATCH(L60,고장심각도분류!$B$2:$B$8,0)),"") -> FC99 | N60: =IFERROR(INDEX(고장심각도분류!$C$2:$C$8,MATCH(L60,고장심각도분류!$B$2:$B$8,0)),"") -> 2 | O60: =IFERROR(INDEX(고장심각도분류!$D$2:$D$8,MATCH(L60,고장심각도분류!$B$2:$B$8,0)),"") -> 5 | P60: =IF(O60>0,"Y","N") -> Y | Q60: 파워시험 시 1호차 TM F/O | T60: =IF(OR(B60="",C60="",E60="",F60="",I60="",L60="",R60=""),"확인필요","OK") -> 확인필요
A61: RP-0060 | B61: 44910 | C61: 114 | D61: 1114 | E61: 3 | F61: 296638-10 | G61: 1974 | H61: 히타치 | I61: 95TWDH297 | J61: 1995 | K61: 현대중공업 | L61: 기타 | M61: =IFERROR(INDEX(고장심각도분류!$A$2:$A$8,MATCH(L61,고장심각도분류!$B$2:$B$8,0)),"") -> FC99 | N61: =IFERROR(INDEX(고장심각도분류!$C$2:$C$8,MATCH(L61,고장심각도분류!$B$2:$B$8,0)),"") -> 2 | O61: =IFERROR(INDEX(고장심각도분류!$D$2:$D$8,MATCH(L61,고장심각도분류!$B$2:$B$8,0)),"") -> 5 | P61: =IF(O61>0,"Y","N") -> Y | Q61: 파워시험 시 1호차 TM F/O | T61: =IF(OR(B61="",C61="",E61="",F61="",I61="",L61="",R61=""),"확인필요","OK") -> 확인필요
A62: RP-0061 | B62: 44910 | C62: 114 | D62: 1114 | E62: 4 | F62: 88091-30 | G62: 1988 | H62: 대우중공업 | I62: 96TWDH245 | J62: 1996 | K62: 현대중공업 | L62: 브러쉬홀더 열화·계자코일 단락 | M62: =IFERROR(INDEX(고장심각도분류!$A$2:$A$8,MATCH(L62,고장심각도분류!$B$2:$B$8,0)),"") -> FC03 | N62: =IFERROR(INDEX(고장심각도분류!$C$2:$C$8,MATCH(L62,고장심각도분류!$B$2:$B$8,0)),"") -> 5 | O62: =IFERROR(INDEX(고장심각도분류!$D$2:$D$8,MATCH(L62,고장심각도분류!$B$2:$B$8,0)),"") -> 45 | P62: =IF(O62>0,"Y","N") -> Y | Q62: 파워시험 시 1호차 TM F/O | R62: 정비불가 | S62: 계자 코일 단락, 정비불가 | T62: =IF(OR(B62="",C62="",E62="",F62="",I62="",L62="",R62=""),"확인필요","OK") -> OK
A63: RP-0062 | B63: 44926 | C63: 116 | D63: 1416 | E63: 2 | F63: 297309-3 | G63: 1977 | H63: 히타치 | I63: 92TWDH076 | J63: 1992 | K63: 현대중공업 | L63: 기타 | M63: =IFERROR(INDEX(고장심각도분류!$A$2:$A$8,MATCH(L63,고장심각도분류!$B$2:$B$8,0)),"") -> FC99 | N63: =IFERROR(INDEX(고장심각도분류!$C$2:$C$8,MATCH(L63,고장심각도분류!$B$2:$B$8,0)),"") -> 2 | O63: =IFERROR(INDEX(고장심각도분류!$D$2:$D$8,MATCH(L63,고장심각도분류!$B$2:$B$8,0)),"") -> 5 | P63: =IF(O63>0,"Y","N") -> Y | Q63: 정류자면 전마모, 브러쉬홀더 파손 | T63: =IF(OR(B63="",C63="",E63="",F63="",I63="",L63="",R63=""),"확인필요","OK") -> 확인필요
A64: RP-0063 | B64: 44937 | C64: 111 | D64: 1811 | E64: 1 | F64: 95111-04 | G64: 1995 | H64: 대우중공업 | I64: 297207-4 | J64: 1974 | K64: 히타치 | L64: 기타 | M64: =IFERROR(INDEX(고장심각도분류!$A$2:$A$8,MATCH(L64,고장심각도분류!$B$2:$B$8,0)),"") -> FC99 | N64: =IFERROR(INDEX(고장심각도분류!$C$2:$C$8,MATCH(L64,고장심각도분류!$B$2:$B$8,0)),"") -> 2 | O64: =IFERROR(INDEX(고장심각도분류!$D$2:$D$8,MATCH(L64,고장심각도분류!$B$2:$B$8,0)),"") -> 5 | P64: =IF(O64>0,"Y","N") -> Y | Q64: 계자 보극선 코일단락 | R64: 확인필요 | S64: 계자 보극선 단락, 외주정비 필요 | T64: =IF(OR(B64="",C64="",E64="",F64="",I64="",L64="",R64=""),"확인필요","OK") -> OK
A65: RP-0064 | B65: 44940 | C65: 114 | D65: 1114 | E65: 1 | F65: 88091-48 | G65: 1989 | H65: 대우중공업 | I65: 93TWDH150 | J65: 1993 | K65: 현대중공업 | L65: 기타 | M65: =IFERROR(INDEX(고장심각도분류!$A$2:$A$8,MATCH(L65,고장심각도분류!$B$2:$B$8,0)),"") -> FC99 | N65: =IFERROR(INDEX(고장심각도분류!$C$2:$C$8,MATCH(L65,고장심각도분류!$B$2:$B$8,0)),"") -> 2 | O65: =IFERROR(INDEX(고장심각도분류!$D$2:$D$8,MATCH(L65,고장심각도분류!$B$2:$B$8,0)),"") -> 5 | P65: =IF(O65>0,"Y","N") -> Y | Q65: 이력문제로 검수팀 교환 요청 | T65: =IF(OR(B65="",C65="",E65="",F65="",I65="",L65="",R65=""),"확인필요","OK") -> 확인필요
A66: RP-0065 | B66: 44940 | C66: 114 | D66: 1114 | E66: 2 | F66: 98TWDH393 | G66: 1998 | H66: 현대중공업 | I66: 862214-5 | J66: 1993 | K66: 히타치 | L66: 기타 | M66: =IFERROR(INDEX(고장심각도분류!$A$2:$A$8,MATCH(L66,고장심각도분류!$B$2:$B$8,0)),"") -> FC99 | N66: =IFERROR(INDEX(고장심각도분류!$C$2:$C$8,MATCH(L66,고장심각도분류!$B$2:$B$8,0)),"") -> 2 | O66: =IFERROR(INDEX(고장심각도분류!$D$2:$D$8,MATCH(L66,고장심각도분류!$B$2:$B$8,0)),"") -> 5 | P66: =IF(O66>0,"Y","N") -> Y | Q66: 2,4위 브러쉬홀더 절손 및 용융 LH(+) | R66: 확인필요 | S66: xx년 LH(우리) | T66: =IF(OR(B66="",C66="",E66="",F66="",I66="",L66="",R66=""),"확인필요","OK") -> OK
A67: RP-0066 | B67: 44961 | C67: 111 | D67: 1511 | E67: 3 | F67: 96TWDH241 | G67: 1996 | H67: 현대중공업 | I67: 88091-48 | J67: 1989 | K67: 대우중공업 | L67: 기타 | M67: =IFERROR(INDEX(고장심각도분류!$A$2:$A$8,MATCH(L67,고장심각도분류!$B$2:$B$8,0)),"") -> FC99 | N67: =IFERROR(INDEX(고장심각도분류!$C$2:$C$8,MATCH(L67,고장심각도분류!$B$2:$B$8,0)),"") -> 2 | O67: =IFERROR(INDEX(고장심각도분류!$D$2:$D$8,MATCH(L67,고장심각도분류!$B$2:$B$8,0)),"") -> 5 | P67: =IF(O67>0,"Y","N") -> Y | Q67: 2,4위 브러쉬홀더 절손 및 용융 LH(+) | R67: 확인필요 | S67: 22년 LH | T67: =IF(OR(B67="",C67="",E67="",F67="",I67="",L67="",R67=""),"확인필요","OK") -> OK
A68: RP-0067 | B68: 44978 | C68: 116 | D68: 1116 | E68: 3 | F68: 88091-73 | G68: 1989 | H68: 대우중공업 | I68: 296633-9 | J68: 1973 | K68: 히타치 | L68: 기타 | M68: =IFERROR(INDEX(고장심각도분류!$A$2:$A$8,MATCH(L68,고장심각도분류!$B$2:$B$8,0)),"") -> FC99 | N68: =IFERROR(INDEX(고장심각도분류!$C$2:$C$8,MATCH(L68,고장심각도분류!$B$2:$B$8,0)),"") -> 2 | O68: =IFERROR(INDEX(고장심각도분류!$D$2:$D$8,MATCH(L68,고장심각도분류!$B$2:$B$8,0)),"") -> 5 | P68: =IF(O68>0,"Y","N") -> Y | Q68: 1,3위 브러쉬홀더 절손 및 용융 RH(-) | R68: 확인필요 | S68: xx년 RH(범아) | T68: =IF(OR(B68="",C68="",E68="",F68="",I68="",L68="",R68=""),"확인필요","OK") -> OK
A69: RP-0068 | B69: 44987 | C69: 114 | D69: 1514 | E69: 2 | F69: 94TWDH006 | G69: 1994 | H69: 현대중공업 | I69: 297309-3 | J69: 1977 | K69: 히타치 | L69: 절연저항·물유입·세이프티 이상 | M69: =IFERROR(INDEX(고장심각도분류!$A$2:$A$8,MATCH(L69,고장심각도분류!$B$2:$B$8,0)),"") -> FC02 | N69: =IFERROR(INDEX(고장심각도분류!$C$2:$C$8,MATCH(L69,고장심각도분류!$B$2:$B$8,0)),"") -> 4 | O69: =IFERROR(INDEX(고장심각도분류!$D$2:$D$8,MATCH(L69,고장심각도분류!$B$2:$B$8,0)),"") -> 20 | P69: =IF(O69>0,"Y","N") -> Y | Q69: 절연저항 불량(약 5메가옴), 상태점검 차 교환 | T69: =IF(OR(B69="",C69="",E69="",F69="",I69="",L69="",R69=""),"확인필요","OK") -> 확인필요
A70: RP-0069 | B70: 45008 | C70: 113 | D70: 1213 | E70: 3 | F70: 296634-16 | G70: 1974 | H70: 히타치 | I70: 98TWDH394 | J70: 1998 | K70: 현대중공업 | L70: 기타 | M70: =IFERROR(INDEX(고장심각도분류!$A$2:$A$8,MATCH(L70,고장심각도분류!$B$2:$B$8,0)),"") -> FC99 | N70: =IFERROR(INDEX(고장심각도분류!$C$2:$C$8,MATCH(L70,고장심각도분류!$B$2:$B$8,0)),"") -> 2 | O70: =IFERROR(INDEX(고장심각도분류!$D$2:$D$8,MATCH(L70,고장심각도분류!$B$2:$B$8,0)),"") -> 5 | P70: =IF(O70>0,"Y","N") -> Y | Q70: 회전자+냉각팬 공회전 | T70: =IF(OR(B70="",C70="",E70="",F70="",I70="",L70="",R70=""),"확인필요","OK") -> 확인필요
A71: RP-0070 | B71: 45009 | C71: 113 | D71: 1213 | E71: 4 | F71: 88TWDH125 | G71: 1988 | H71: 현대중공업 | I71: 296638-10 | J71: 1974 | K71: 히타치 | L71: 기타 | M71: =IFERROR(INDEX(고장심각도분류!$A$2:$A$8,MATCH(L71,고장심각도분류!$B$2:$B$8,0)),"") -> FC99 | N71: =IFERROR(INDEX(고장심각도분류!$C$2:$C$8,MATCH(L71,고장심각도분류!$B$2:$B$8,0)),"") -> 2 | O71: =IFERROR(INDEX(고장심각도분류!$D$2:$D$8,MATCH(L71,고장심각도분류!$B$2:$B$8,0)),"") -> 5 | P71: =IF(O71>0,"Y","N") -> Y | Q71: 회전자 정류자면 전식(플래시 오버) | R71: 확인필요 | S71: 정류자 손상 사용불가 | T71: =IF(OR(B71="",C71="",E71="",F71="",I71="",L71="",R71=""),"확인필요","OK") -> OK
A72: RP-0071 | B72: 45035 | C72: 116 | D72: 1516 | E72: 2 | F72: 64052 | G72: 1977 | H72: 미쓰비시 | I72: 98TWDH393 | J72: 1998 | K72: 현대중공업 | L72: 기타 | M72: =IFERROR(INDEX(고장심각도분류!$A$2:$A$8,MATCH(L72,고장심각도분류!$B$2:$B$8,0)),"") -> FC99 | N72: =IFERROR(INDEX(고장심각도분류!$C$2:$C$8,MATCH(L72,고장심각도분류!$B$2:$B$8,0)),"") -> 2 | O72: =IFERROR(INDEX(고장심각도분류!$D$2:$D$8,MATCH(L72,고장심각도분류!$B$2:$B$8,0)),"") -> 5 | P72: =IF(O72>0,"Y","N") -> Y | Q72: 1,3위 브러쉬홀더 절손 및 용융 RH(-) | R72: 확인필요 | S72: 1위:xx년 LH 3위:95년 | T72: =IF(OR(B72="",C72="",E72="",F72="",I72="",L72="",R72=""),"확인필요","OK") -> OK
A73: RP-0072 | B73: 45076 | C73: 114 | D73: 1414 | E73: 4 | F73: 88091-66 | G73: 1989 | H73: 대우중공업 | I73: 296632-1 | J73: 1973 | K73: 히타치 | L73: 기타 | M73: =IFERROR(INDEX(고장심각도분류!$A$2:$A$8,MATCH(L73,고장심각도분류!$B$2:$B$8,0)),"") -> FC99 | N73: =IFERROR(INDEX(고장심각도분류!$C$2:$C$8,MATCH(L73,고장심각도분류!$B$2:$B$8,0)),"") -> 2 | O73: =IFERROR(INDEX(고장심각도분류!$D$2:$D$8,MATCH(L73,고장심각도분류!$B$2:$B$8,0)),"") -> 5 | P73: =IF(O73>0,"Y","N") -> Y | Q73: 2,4위 브러쉬홀더 절손 및 용융 LH(+) | R73: 확인필요 | S73: xx년 LH | T73: =IF(OR(B73="",C73="",E73="",F73="",I73="",L73="",R73=""),"확인필요","OK") -> OK
A74: RP-0073 | B74: 45077 | C74: 116 | D74: 1416 | E74: 2 | F74: 92TWDH076 | G74: 1992 | H74: 현대중공업 | I74: 87TWDH041 | J74: 1987 | K74: 현대중공업 | L74: 절연저항·물유입·세이프티 이상 | M74: =IFERROR(INDEX(고장심각도분류!$A$2:$A$8,MATCH(L74,고장심각도분류!$B$2:$B$8,0)),"") -> FC02 | N74: =IFERROR(INDEX(고장심각도분류!$C$2:$C$8,MATCH(L74,고장심각도분류!$B$2:$B$8,0)),"") -> 4 | O74: =IFERROR(INDEX(고장심각도분류!$D$2:$D$8,MATCH(L74,고장심각도분류!$B$2:$B$8,0)),"") -> 20 | P74: =IF(O74>0,"Y","N") -> Y | Q74: 정류자 절연불량, 전기자 코일단락 | T74: =IF(OR(B74="",C74="",E74="",F74="",I74="",L74="",R74=""),"확인필요","OK") -> 확인필요
A75: RP-0074 | B75: 45082 | C75: 111 | D75: 1411 | E75: 1 | F75: 296635-12 | G75: 1974 | H75: 히타치 | I75: 93TWDH157 | J75: 1993 | K75: 현대중공업 | L75: 절연파괴·소손·F/O | M75: =IFERROR(INDEX(고장심각도분류!$A$2:$A$8,MATCH(L75,고장심각도분류!$B$2:$B$8,0)),"") -> FC05 | N75: =IFERROR(INDEX(고장심각도분류!$C$2:$C$8,MATCH(L75,고장심각도분류!$B$2:$B$8,0)),"") -> 7 | O75: =IFERROR(INDEX(고장심각도분류!$D$2:$D$8,MATCH(L75,고장심각도분류!$B$2:$B$8,0)),"") -> 100 | P75: =IF(O75>0,"Y","N") -> Y | Q75: 정류자 F/O, 패임, 홀더양호 | T75: =IF(OR(B75="",C75="",E75="",F75="",I75="",L75="",R75=""),"확인필요","OK") -> 확인필요
A76: RP-0075 | B76: 45082 | C76: 111 | D76: 1411 | E76: 2 | F76: 296639-9 | G76: 1974 | H76: 히타치 | I76: 94TWDH006 | J76: 1994 | K76: 현대중공업 | L76: 절연파괴·소손·F/O | M76: =IFERROR(INDEX(고장심각도분류!$A$2:$A$8,MATCH(L76,고장심각도분류!$B$2:$B$8,0)),"") -> FC05 | N76: =IFERROR(INDEX(고장심각도분류!$C$2:$C$8,MATCH(L76,고장심각도분류!$B$2:$B$8,0)),"") -> 7 | O76: =IFERROR(INDEX(고장심각도분류!$D$2:$D$8,MATCH(L76,고장심각도분류!$B$2:$B$8,0)),"") -> 100 | P76: =IF(O76>0,"Y","N") -> Y | Q76: 정류자 F/O, 패임, 홀더양호 | T76: =IF(OR(B76="",C76="",E76="",F76="",I76="",L76="",R76=""),"확인필요","OK") -> 확인필요
A77: RP-0076 | B77: 45082 | C77: 111 | D77: 1411 | E77: 3 | F77: 96TWDH240 | G77: 1996 | H77: 현대중공업 | I77: 91092-76 | J77: 1991 | K77: 대우중공업 | L77: 절연파괴·소손·F/O | M77: =IFERROR(INDEX(고장심각도분류!$A$2:$A$8,MATCH(L77,고장심각도분류!$B$2:$B$8,0)),"") -> FC05 | N77: =IFERROR(INDEX(고장심각도분류!$C$2:$C$8,MATCH(L77,고장심각도분류!$B$2:$B$8,0)),"") -> 7 | O77: =IFERROR(INDEX(고장심각도분류!$D$2:$D$8,MATCH(L77,고장심각도분류!$B$2:$B$8,0)),"") -> 100 | P77: =IF(O77>0,"Y","N") -> Y | Q77: 정류자 F/O, 패임, 홀더양호 | T77: =IF(OR(B77="",C77="",E77="",F77="",I77="",L77="",R77=""),"확인필요","OK") -> 확인필요
A78: RP-0077 | B78: 45082 | C78: 111 | D78: 1411 | E78: 4 | F78: 92TWDH071 | G78: 1992 | H78: 현대중공업 | I78: 94TWDH244 | J78: 1994 | K78: 현대중공업 | L78: 기타 | M78: =IFERROR(INDEX(고장심각도분류!$A$2:$A$8,MATCH(L78,고장심각도분류!$B$2:$B$8,0)),"") -> FC99 | N78: =IFERROR(INDEX(고장심각도분류!$C$2:$C$8,MATCH(L78,고장심각도분류!$B$2:$B$8,0)),"") -> 2 | O78: =IFERROR(INDEX(고장심각도분류!$D$2:$D$8,MATCH(L78,고장심각도분류!$B$2:$B$8,0)),"") -> 5 | P78: =IF(O78>0,"Y","N") -> Y | Q78: 2,4위 브러쉬홀더 절손 및 용융 LH(+) | R78: 확인필요 | S78: xx년 LH(정체모름) | T78: =IF(OR(B78="",C78="",E78="",F78="",I78="",L78="",R78=""),"확인필요","OK") -> OK
A79: RP-0078 | B79: 45105 | C79: 282 | D79: 2282 | E79: 2 | F79: RNE1703-001 | G79: 2023 | H79: 현대로템 | I79: RNE1703-379 | J79: 2020 | K79: 현대로템 | L79: 절연저항·물유입·세이프티 이상 | M79: =IFERROR(INDEX(고장심각도분류!$A$2:$A$8,MATCH(L79,고장심각도분류!$B$2:$B$8,0)),"") -> FC02 | N79: =IFERROR(INDEX(고장심각도분류!$C$2:$C$8,MATCH(L79,고장심각도분류!$B$2:$B$8,0)),"") -> 4 | O79: =IFERROR(INDEX(고장심각도분류!$D$2:$D$8,MATCH(L79,고장심각도분류!$B$2:$B$8,0)),"") -> 20 | P79: =IF(O79>0,"Y","N") -> Y | Q79: 세이프티 너트 탈락으로 인한 회전자 축 나사산 손상 | T79: =IF(OR(B79="",C79="",E79="",F79="",I79="",L79="",R79=""),"확인필요","OK") -> 확인필요
A80: RP-0079 | B80: 45108 | C80: 111 | D80: 1411 | E80: 2 | F80: 94TWDH006 | G80: 1994 | H80: 현대중공업 | I80: 95111-89 | J80: 1995 | K80: 대우중공업 | L80: 절연저항·물유입·세이프티 이상 | M80: =IFERROR(INDEX(고장심각도분류!$A$2:$A$8,MATCH(L80,고장심각도분류!$B$2:$B$8,0)),"") -> FC02 | N80: =IFERROR(INDEX(고장심각도분류!$C$2:$C$8,MATCH(L80,고장심각도분류!$B$2:$B$8,0)),"") -> 4 | O80: =IFERROR(INDEX(고장심각도분류!$D$2:$D$8,MATCH(L80,고장심각도분류!$B$2:$B$8,0)),"") -> 20 | P80: =IF(O80>0,"Y","N") -> Y | Q80: 정류자 절연불량, 전기자 코일단락 | T80: =IF(OR(B80="",C80="",E80="",F80="",I80="",L80="",R80=""),"확인필요","OK") -> 확인필요
A81: RP-0080 | B81: 45118 | C81: 116 | D81: 1216 | E81: 4 | F81: 88091-78 | G81: 1989 | H81: 대우중공업 | I81: 91TWDH161 | J81: 1991 | K81: 현대중공업 | L81: 기타 | M81: =IFERROR(INDEX(고장심각도분류!$A$2:$A$8,MATCH(L81,고장심각도분류!$B$2:$B$8,0)),"") -> FC99 | N81: =IFERROR(INDEX(고장심각도분류!$C$2:$C$8,MATCH(L81,고장심각도분류!$B$2:$B$8,0)),"") -> 2 | O81: =IFERROR(INDEX(고장심각도분류!$D$2:$D$8,MATCH(L81,고장심각도분류!$B$2:$B$8,0)),"") -> 5 | P81: =IF(O81>0,"Y","N") -> Y | Q81: 1,3위 브러쉬홀더 절손 및 용융 RH(-) | R81: 확인필요 | S81: 22년 RH | T81: =IF(OR(B81="",C81="",E81="",F81="",I81="",L81="",R81=""),"확인필요","OK") -> OK
A82: RP-0081 | B82: 45128 | C82: 113 | D82: 1413 | E82: 1 | F82: 89TWDH041 | G82: 1989 | H82: 현대중공업 | I82: 96TWDH241 | J82: 1996 | K82: 현대중공업 | L82: 기타 | M82: =IFERROR(INDEX(고장심각도분류!$A$2:$A$8,MATCH(L82,고장심각도분류!$B$2:$B$8,0)),"") -> FC99 | N82: =IFERROR(INDEX(고장심각도분류!$C$2:$C$8,MATCH(L82,고장심각도분류!$B$2:$B$8,0)),"") -> 2 | O82: =IFERROR(INDEX(고장심각도분류!$D$2:$D$8,MATCH(L82,고장심각도분류!$B$2:$B$8,0)),"") -> 5 | P82: =IF(O82>0,"Y","N") -> Y | Q82: 보극선 코일단락(절연저항 0), 전기자상태양호 | T82: =IF(OR(B82="",C82="",E82="",F82="",I82="",L82="",R82=""),"확인필요","OK") -> 확인필요
A83: RP-0082 | C83: 113 | D83: 1413 | E83: 3 | F83: 88TWDH114 | G83: 1988 | H83: 현대중공업 | I83: 88091-73 | J83: 1989 | K83: 대우중공업 | L83: 절연파괴·소손·F/O | M83: =IFERROR(INDEX(고장심각도분류!$A$2:$A$8,MATCH(L83,고장심각도분류!$B$2:$B$8,0)),"") -> FC05 | N83: =IFERROR(INDEX(고장심각도분류!$C$2:$C$8,MATCH(L83,고장심각도분류!$B$2:$B$8,0)),"") -> 7 | O83: =IFERROR(INDEX(고장심각도분류!$D$2:$D$8,MATCH(L83,고장심각도분류!$B$2:$B$8,0)),"") -> 100 | P83: =IF(O83>0,"Y","N") -> Y | Q83: 정류자 F/O, 패임, 홀더양호 | R83: 확인필요 | S83: xx년 LH(우리) | T83: =IF(OR(B83="",C83="",E83="",F83="",I83="",L83="",R83=""),"확인필요","OK") -> 확인필요
A84: RP-0083 | B84: 45155 | C84: 112 | D84: 1112 | E84: 4 | F84: 92TWDH075 | G84: 1992 | H84: 현대중공업 | I84: 9134584 | J84: 1991 | K84: 도시바 | L84: 절연저항·물유입·세이프티 이상 | M84: =IFERROR(INDEX(고장심각도분류!$A$2:$A$8,MATCH(L84,고장심각도분류!$B$2:$B$8,0)),"") -> FC02 | N84: =IFERROR(INDEX(고장심각도분류!$C$2:$C$8,MATCH(L84,고장심각도분류!$B$2:$B$8,0)),"") -> 4 | O84: =IFERROR(INDEX(고장심각도분류!$D$2:$D$8,MATCH(L84,고장심각도분류!$B$2:$B$8,0)),"") -> 20 | P84: =IF(O84>0,"Y","N") -> Y | Q84: 3위 홀더측 보극선 절연불량, 임시조치상태 | T84: =IF(OR(B84="",C84="",E84="",F84="",I84="",L84="",R84=""),"확인필요","OK") -> 확인필요
A85: RP-0084 | B85: 45194 | C85: 112 | D85: 1812 | E85: 3 | F85: 94TWDH009 | G85: 1994 | H85: 현대중공업 | I85: 9134510 | J85: 1991 | K85: 도시바 | L85: 기타 | M85: =IFERROR(INDEX(고장심각도분류!$A$2:$A$8,MATCH(L85,고장심각도분류!$B$2:$B$8,0)),"") -> FC99 | N85: =IFERROR(INDEX(고장심각도분류!$C$2:$C$8,MATCH(L85,고장심각도분류!$B$2:$B$8,0)),"") -> 2 | O85: =IFERROR(INDEX(고장심각도분류!$D$2:$D$8,MATCH(L85,고장심각도분류!$B$2:$B$8,0)),"") -> 5 | P85: =IF(O85>0,"Y","N") -> Y | Q85: 2,4위 브러쉬홀더 절손 및 용융 LH(+) | R85: 확인필요 | S85: 22년 LH | T85: =IF(OR(B85="",C85="",E85="",F85="",I85="",L85="",R85=""),"확인필요","OK") -> OK
A86: RP-0085 | B86: 45195 | C86: 116 | D86: 1816 | E86: 3 | F86: 296636-18 | G86: 1974 | H86: 히타치 | I86: 8833358 | J86: 1988 | K86: 도시바 | L86: 기타 | M86: =IFERROR(INDEX(고장심각도분류!$A$2:$A$8,MATCH(L86,고장심각도분류!$B$2:$B$8,0)),"") -> FC99 | N86: =IFERROR(INDEX(고장심각도분류!$C$2:$C$8,MATCH(L86,고장심각도분류!$B$2:$B$8,0)),"") -> 2 | O86: =IFERROR(INDEX(고장심각도분류!$D$2:$D$8,MATCH(L86,고장심각도분류!$B$2:$B$8,0)),"") -> 5 | P86: =IF(O86>0,"Y","N") -> Y | Q86: 2위 브러쉬 마모한도 도달, 계자 보극선 손상 | R86: 확인필요 | S86: 월상 9/25 시행(브러쉬홀더 교체) | T86: =IF(OR(B86="",C86="",E86="",F86="",I86="",L86="",R86=""),"확인필요","OK") -> OK
A87: RP-0086 | B87: 45222 | C87: 112 | D87: 1512 | E87: 2 | F87: 88091-55 | G87: 1989 | H87: 대우중공업 | I87: 96320326 | J87: 1996 | K87: 도시바 | L87: 기타 | M87: =IFERROR(INDEX(고장심각도분류!$A$2:$A$8,MATCH(L87,고장심각도분류!$B$2:$B$8,0)),"") -> FC99 | N87: =IFERROR(INDEX(고장심각도분류!$C$2:$C$8,MATCH(L87,고장심각도분류!$B$2:$B$8,0)),"") -> 2 | O87: =IFERROR(INDEX(고장심각도분류!$D$2:$D$8,MATCH(L87,고장심각도분류!$B$2:$B$8,0)),"") -> 5 | P87: =IF(O87>0,"Y","N") -> Y | Q87: 1,3위 브러쉬홀더 절손 및 용융 RH(-) | R87: 확인필요 | S87: 22년 RH | T87: =IF(OR(B87="",C87="",E87="",F87="",I87="",L87="",R87=""),"확인필요","OK") -> OK
A88: RP-0087 | B88: 45238 | C88: 114 | D88: 1814 | E88: 1 | F88: 88TWDH085 | G88: 1988 | H88: 현대중공업 | I88: 96320368 | J88: 1996 | K88: 도시바 | L88: 기타 | M88: =IFERROR(INDEX(고장심각도분류!$A$2:$A$8,MATCH(L88,고장심각도분류!$B$2:$B$8,0)),"") -> FC99 | N88: =IFERROR(INDEX(고장심각도분류!$C$2:$C$8,MATCH(L88,고장심각도분류!$B$2:$B$8,0)),"") -> 2 | O88: =IFERROR(INDEX(고장심각도분류!$D$2:$D$8,MATCH(L88,고장심각도분류!$B$2:$B$8,0)),"") -> 5 | P88: =IF(O88>0,"Y","N") -> Y | Q88: 정류자측 축-볼베어링 헐거움 예비품 교체 | R88: 확인필요 | S88: 축 수선중 | T88: =IF(OR(B88="",C88="",E88="",F88="",I88="",L88="",R88=""),"확인필요","OK") -> OK
A89: RP-0088 | B89: 45278 | C89: 271 | D89: 2871 | E89: 4 | F89: S07-517 | G89: 2008 | H89: 로템 | I89: S07-375 | J89: 2008 | K89: 로템 | L89: 기타 | M89: =IFERROR(INDEX(고장심각도분류!$A$2:$A$8,MATCH(L89,고장심각도분류!$B$2:$B$8,0)),"") -> FC99 | N89: =IFERROR(INDEX(고장심각도분류!$C$2:$C$8,MATCH(L89,고장심각도분류!$B$2:$B$8,0)),"") -> 2 | O89: =IFERROR(INDEX(고장심각도분류!$D$2:$D$8,MATCH(L89,고장심각도분류!$B$2:$B$8,0)),"") -> 5 | P89: =IF(O89>0,"Y","N") -> Y | Q89: 볼베어링 손상으로 속도센서 치형원판 흔들림 | T89: =IF(OR(B89="",C89="",E89="",F89="",I89="",L89="",R89=""),"확인필요","OK") -> 확인필요
A90: RP-0089 | B90: 45280 | C90: 112 | D90: 1112 | E90: 3 | F90: 92TWDH068 | G90: 1992 | H90: 현대중공업 | I90: 9134564 | J90: 1991 | K90: 도시바 | L90: 절연저항·물유입·세이프티 이상 | M90: =IFERROR(INDEX(고장심각도분류!$A$2:$A$8,MATCH(L90,고장심각도분류!$B$2:$B$8,0)),"") -> FC02 | N90: =IFERROR(INDEX(고장심각도분류!$C$2:$C$8,MATCH(L90,고장심각도분류!$B$2:$B$8,0)),"") -> 4 | O90: =IFERROR(INDEX(고장심각도분류!$D$2:$D$8,MATCH(L90,고장심각도분류!$B$2:$B$8,0)),"") -> 20 | P90: =IF(O90>0,"Y","N") -> Y | Q90: 주극선 절연불량, 브러쉬홀더 및 전기자 양호 | T90: =IF(OR(B90="",C90="",E90="",F90="",I90="",L90="",R90=""),"확인필요","OK") -> 확인필요
A91: RP-0090 | B91: 45286 | C91: 112 | D91: 1212 | E91: 1 | F91: 297309-1 | G91: 1977 | H91: 히타치 | I91: 88091-66 | J91: 1989 | K91: 대우중공업 | L91: 기타 | M91: =IFERROR(INDEX(고장심각도분류!$A$2:$A$8,MATCH(L91,고장심각도분류!$B$2:$B$8,0)),"") -> FC99 | N91: =IFERROR(INDEX(고장심각도분류!$C$2:$C$8,MATCH(L91,고장심각도분류!$B$2:$B$8,0)),"") -> 2 | O91: =IFERROR(INDEX(고장심각도분류!$D$2:$D$8,MATCH(L91,고장심각도분류!$B$2:$B$8,0)),"") -> 5 | P91: =IF(O91>0,"Y","N") -> Y | Q91: 2,4위 브러쉬홀더 절손 및 용융 LH(+), 계자 및 전기자 단락 | T91: =IF(OR(B91="",C91="",E91="",F91="",I91="",L91="",R91=""),"확인필요","OK") -> 확인필요
A92: RP-0091 | B92: 45287 | C92: 114 | D92: 1714 | E92: 2 | F92: 88TWDH121 | G92: 1988 | H92: 현대중공업 | I92: 88TWDH114 | J92: 1988 | K92: 현대중공업 | L92: 기타 | M92: =IFERROR(INDEX(고장심각도분류!$A$2:$A$8,MATCH(L92,고장심각도분류!$B$2:$B$8,0)),"") -> FC99 | N92: =IFERROR(INDEX(고장심각도분류!$C$2:$C$8,MATCH(L92,고장심각도분류!$B$2:$B$8,0)),"") -> 2 | O92: =IFERROR(INDEX(고장심각도분류!$D$2:$D$8,MATCH(L92,고장심각도분류!$B$2:$B$8,0)),"") -> 5 | P92: =IF(O92>0,"Y","N") -> Y | Q92: 2위 브러쉬홀더 절손 및 용융 LH(+), 계자 전기자 양호 | T92: =IF(OR(B92="",C92="",E92="",F92="",I92="",L92="",R92=""),"확인필요","OK") -> 확인필요
A93: RP-0092 | B93: 45317 | C93: 112 | D93: 1412 | E93: 2 | F93: 88091-68 | G93: 1989 | H93: 대우중공업 | I93: 88TWDH125 | J93: 1988 | K93: 현대중공업 | L93: 기타 | M93: =IFERROR(INDEX(고장심각도분류!$A$2:$A$8,MATCH(L93,고장심각도분류!$B$2:$B$8,0)),"") -> FC99 | N93: =IFERROR(INDEX(고장심각도분류!$C$2:$C$8,MATCH(L93,고장심각도분류!$B$2:$B$8,0)),"") -> 2 | O93: =IFERROR(INDEX(고장심각도분류!$D$2:$D$8,MATCH(L93,고장심각도분류!$B$2:$B$8,0)),"") -> 5 | P93: =IF(O93>0,"Y","N") -> Y | Q93: 2,4위 브러쉬홀더 절손 및 용융 LH(+) | R93: 확인필요 | S93: 22년 LH | T93: =IF(OR(B93="",C93="",E93="",F93="",I93="",L93="",R93=""),"확인필요","OK") -> OK
A94: RP-0093 | B94: 45328 | C94: 112 | D94: 1412 | E94: 1 | F94: 96TWDH247 | G94: 1996 | H94: 현대중공업 | I94: 88091-78 | J94: 1989 | K94: 대우중공업 | L94: 기타 | M94: =IFERROR(INDEX(고장심각도분류!$A$2:$A$8,MATCH(L94,고장심각도분류!$B$2:$B$8,0)),"") -> FC99 | N94: =IFERROR(INDEX(고장심각도분류!$C$2:$C$8,MATCH(L94,고장심각도분류!$B$2:$B$8,0)),"") -> 2 | O94: =IFERROR(INDEX(고장심각도분류!$D$2:$D$8,MATCH(L94,고장심각도분류!$B$2:$B$8,0)),"") -> 5 | P94: =IF(O94>0,"Y","N") -> Y | Q94: 1,3위 브러쉬홀더 절손 및 용융 RH(-) | R94: 확인필요 | S94: 22년 RH | T94: =IF(OR(B94="",C94="",E94="",F94="",I94="",L94="",R94=""),"확인필요","OK") -> OK
A95: RP-0094 | B95: 45328 | C95: 112 | D95: 1412 | E95: 3 | F95: 88091-44 | G95: 1989 | H95: 대우중공업 | I95: 92TWDH071 | J95: 1992 | K95: 현대중공업 | L95: 정기·순환교체 | M95: =IFERROR(INDEX(고장심각도분류!$A$2:$A$8,MATCH(L95,고장심각도분류!$B$2:$B$8,0)),"") -> FC00 | N95: =IFERROR(INDEX(고장심각도분류!$C$2:$C$8,MATCH(L95,고장심각도분류!$B$2:$B$8,0)),"") -> 1 | O95: =IFERROR(INDEX(고장심각도분류!$D$2:$D$8,MATCH(L95,고장심각도분류!$B$2:$B$8,0)),"") -> 0 | P95: =IF(O95>0,"Y","N") -> N | Q95: 경미장애에 따른 예방정비 차원교차 | T95: =IF(OR(B95="",C95="",E95="",F95="",I95="",L95="",R95=""),"확인필요","OK") -> 확인필요
A96: RP-0095 | B96: 45328 | C96: 112 | D96: 1412 | E96: 4 | F96: 296638-20 | G96: 1974 | H96: 히타치 | I96: 96TWDH240 | J96: 1996 | K96: 현대중공업 | L96: 정기·순환교체 | M96: =IFERROR(INDEX(고장심각도분류!$A$2:$A$8,MATCH(L96,고장심각도분류!$B$2:$B$8,0)),"") -> FC00 | N96: =IFERROR(INDEX(고장심각도분류!$C$2:$C$8,MATCH(L96,고장심각도분류!$B$2:$B$8,0)),"") -> 1 | O96: =IFERROR(INDEX(고장심각도분류!$D$2:$D$8,MATCH(L96,고장심각도분류!$B$2:$B$8,0)),"") -> 0 | P96: =IF(O96>0,"Y","N") -> N | Q96: 경미장애에 따른 예방정비 차원교차 | T96: =IF(OR(B96="",C96="",E96="",F96="",I96="",L96="",R96=""),"확인필요","OK") -> 확인필요
A97: RP-0096 | B97: 45406 | C97: 116 | D97: 1216 | E97: 2 | F97: 296633-10 | G97: 1974 | H97: 히타치 | I97: 88TWDH085 | J97: 1988 | K97: 현대중공업 | L97: 정기·순환교체 | M97: =IFERROR(INDEX(고장심각도분류!$A$2:$A$8,MATCH(L97,고장심각도분류!$B$2:$B$8,0)),"") -> FC00 | N97: =IFERROR(INDEX(고장심각도분류!$C$2:$C$8,MATCH(L97,고장심각도분류!$B$2:$B$8,0)),"") -> 1 | O97: =IFERROR(INDEX(고장심각도분류!$D$2:$D$8,MATCH(L97,고장심각도분류!$B$2:$B$8,0)),"") -> 0 | P97: =IF(O97>0,"Y","N") -> N | Q97: 경미장애에 따른 예방정비 차원교차 | T97: =IF(OR(B97="",C97="",E97="",F97="",I97="",L97="",R97=""),"확인필요","OK") -> 확인필요
A98: RP-0097 | B98: 45435 | C98: 113 | D98: 1813 | E98: 1 | F98: 65412 | G98: 1977 | H98: 미쓰비시 | I98: 296632-7 | J98: 1974 | K98: 히타치(신정) | L98: 정기·순환교체 | M98: =IFERROR(INDEX(고장심각도분류!$A$2:$A$8,MATCH(L98,고장심각도분류!$B$2:$B$8,0)),"") -> FC00 | N98: =IFERROR(INDEX(고장심각도분류!$C$2:$C$8,MATCH(L98,고장심각도분류!$B$2:$B$8,0)),"") -> 1 | O98: =IFERROR(INDEX(고장심각도분류!$D$2:$D$8,MATCH(L98,고장심각도분류!$B$2:$B$8,0)),"") -> 0 | P98: =IF(O98>0,"Y","N") -> N | Q98: 수선예비품 순환 | T98: =IF(OR(B98="",C98="",E98="",F98="",I98="",L98="",R98=""),"확인필요","OK") -> 확인필요
A99: RP-0098 | B99: 45435 | C99: 113 | D99: 1813 | E99: 2 | F99: 88091-49 | G99: 1989 | H99: 대우중공업 | I99: 296631-4 | J99: 1973 | K99: 히타치(신정) | L99: 정기·순환교체 | M99: =IFERROR(INDEX(고장심각도분류!$A$2:$A$8,MATCH(L99,고장심각도분류!$B$2:$B$8,0)),"") -> FC00 | N99: =IFERROR(INDEX(고장심각도분류!$C$2:$C$8,MATCH(L99,고장심각도분류!$B$2:$B$8,0)),"") -> 1 | O99: =IFERROR(INDEX(고장심각도분류!$D$2:$D$8,MATCH(L99,고장심각도분류!$B$2:$B$8,0)),"") -> 0 | P99: =IF(O99>0,"Y","N") -> N | Q99: 수선예비품 순환 | T99: =IF(OR(B99="",C99="",E99="",F99="",I99="",L99="",R99=""),"확인필요","OK") -> 확인필요
A100: RP-0099 | B100: 45435 | C100: 113 | D100: 1813 | E100: 3 | F100: 88TWDH073 | G100: 1988 | H100: 현대중공업 | I100: 296635-20 | J100: 1974 | K100: 히타치(신정) | L100: 정기·순환교체 | M100: =IFERROR(INDEX(고장심각도분류!$A$2:$A$8,MATCH(L100,고장심각도분류!$B$2:$B$8,0)),"") -> FC00 | N100: =IFERROR(INDEX(고장심각도분류!$C$2:$C$8,MATCH(L100,고장심각도분류!$B$2:$B$8,0)),"") -> 1 | O100: =IFERROR(INDEX(고장심각도분류!$D$2:$D$8,MATCH(L100,고장심각도분류!$B$2:$B$8,0)),"") -> 0 | P100: =IF(O100>0,"Y","N") -> N | Q100: 수선예비품 순환 | T100: =IF(OR(B100="",C100="",E100="",F100="",I100="",L100="",R100=""),"확인필요","OK") -> 확인필요
...

Sheet 고장심각도분류
A1: 고장코드 | B1: 표준고장유형 | C1: 심각도 | D1: 위험점수 | E1: 표시색 | F1: 체크박스/선택 기준 | G1: 대표 키워드 | H1: 비고 | J1: 취거품상태_선택목록 | K1: 설명
A2: FC00 | B2: 정기·순환교체 | C2: 1 | D2: 0 | E2: 회색 | F2: 고장성 낮음 | G2: 정기, 순환, 예방, 수선예비품 순환 | H2: 위험점수 0점 | J2: 정상/재사용가능 | K2: 육안 및 기본점검 결과 재사용 가능
A3: FC01 | B3: 정류자·브러쉬 경미 이상 | C3: 3 | D3: 10 | E3: 초록 | F3: 경미 이상 | G3: 정류자 그을림, MOCD, 브러쉬홀더 마모한도, 브러쉬 흠집, 흠집 | H3: 점검/추적 | J3: 정비필요 | K3: 정비 후 재사용 가능성 있음
A4: FC02 | B4: 절연저항·물유입·세이프티 이상 | C4: 4 | D4: 20 | E4: 연두 | F4: 주의 | G4: 절연저항 불량, 절연불량, 물유입, 세이프티 너트, GR | H4: 주의 관찰 | J4: 정비완료 | K4: 정비 완료 후 예비품 또는 재사용 가능
A5: FC03 | B5: 브러쉬홀더 열화·계자코일 단락 | C5: 5 | D5: 45 | E5: 노랑 | F5: 중간위험 | G5: 브러쉬홀더 열화, 홀더 열화, 계자 코일 단락, 계자코일 단락 | H5: 고장성 교체 | J5: 정비불가 | K5: 수리/정비 불가 판정
A6: FC04 | B6: 리드선 절손·열화 | C6: 6 | D6: 70 | E6: 주황 | F6: 고위험 | G6: 리드선 절손, 리드선 열화, 절손 및 열화 | H6: 우선 점검 | J6: 폐기/불용 | K6: 폐기 또는 불용 처리 대상
A7: FC05 | B7: 절연파괴·소손·F/O | C7: 7 | D7: 100 | E7: 빨강 | F7: 치명 | G7: 정류자 F/O, 계자 F/O, 절연파괴, 접지 소손, 접지소손, 고압배선 소손, 소손, 폐기, 브러쉬절손, 눈유입 | H7: 우선 교체/불용 검토 | J7: 예비품전환 | K7: 예비품으로 전환 또는 보관
A8: FC99 | B8: 기타 | C8: 2 | D8: 5 | E8: 회색 | F8: 표준 유형 외 | G8: 기타 | H8: 필요 시 표준유형으로 재분류 | J8: 현차취부 | K8: 타 편성 또는 동일 편성에 취부
J9: 확인필요 | K9: 자료상태 확인 필요
J10: 기타 | K10: 표준 상태 외 별도 기재 필요
